,Adjusted net national income (current US$),Consumer price index (2010 = 100),Control of Corruption: Estimate,"Current account balance (BoP, current US$)","Exports of goods, services and primary income (BoP, current US$)",External balance on goods and services (current US$),GDP growth (annual %),General government final consumption expenditure (% of GDP),General government final consumption expenditure (current US$),Government Effectiveness: Estimate,"Government expenditure on education, total (% of GDP)",Gross national expenditure (current US$),Gross value added at basic prices (GVA) (current US$),"Imports of goods, services and primary income (BoP, current US$)","Industry (including construction), value added (annual % growth)","Inflation, consumer prices (annual %)","Manufacturing, value added (annual % growth)",Merchandise exports to high-income economies (% of total merchandise exports),Merchandise imports from high-income economies (% of total merchandise imports),"Net capital account (BoP, current US$)","Net financial account (BoP, current US$)","Net primary income (BoP, current US$)","Net secondary income (BoP, current US$)",Political Stability and Absence of Violence/Terrorism: Estimate,Population growth (annual %),"Primary income payments (BoP, current US$)","Primary income receipts (BoP, current US$)",Unemployment with advanced education (% of total labor force with advanced education),Unemployment with basic education (% of total labor force with basic education),Unemployment with intermediate education (% of total labor force with intermediate education),"Unemployment, total (% of total labor force) (national estimate)",Voice and Accountability: Estimate,Classes
0,12449979123.8861,119.049258384382,-0.563899636268616,-1218856026.94155,5292424070.628724,-2105530494.2475948,2.08771199649604,11.34698393056003,1747642735.6722913,-0.0621441006660461,3.91623997688293,17613493374.237774,13463704706.727167,7597487229.141689,0.915144131825258,1.41109078954246,5.596976142398361,78.09977034810944,65.2176702049546,85062453.3468605,-1018802164.17964,-201645349.128785,1086229439.63392,0.110049679875374,-0.426007367032238,671672557.084949,470038444.956164,12.296,8.687,14.259,11.466,0.141880303621292,2
1,42988475833.8169,379.599042199862,-1.05841791629791,5137394880.2235,35872743552.791336,16839664243.750963,-0.7022729576160174,8.598856283898918,6096413921.870549,-1.12856233119965,2.07306432723999,54058296131.35105,69691017355.0339,30508228605.27101,-3.478000340233649,17.0797044074953,-5.058760176122149,24.00783876633541,61.923758714383325,2045190.0,4488228407.1028,-7516299279.66577,-227120067.296773,-0.370094686746597,3.39527779197097,8208899954.13351,692600674.467736,18.604,15.03,30.351,16.497,-0.793237388134003,3
2,370477828048.014,166.8348470393972,-0.106940247118473,-3492479581.08422,86292608863.22926,14413857778.031073,-2.000861002857846,16.443241586297617,73625384340.81392,-0.120677568018436,4.77759981155396,433340825837.1935,375734331600.6441,90634223384.2654,-4.740755305539096,5.2503776384447525,-6.156550489876778,36.6820732028922,40.10920507794351,283947300.397874,-5119265557.22344,-17732164561.9186,849134939.951964,-0.0978643074631691,0.993397493293046,24060290895.7252,6328126333.80665,3.874,12.303,11.232,9.843,0.571178674697876,3
3,2842228351.01809,109.534355432857,1.17470288276672,84796821.7557428,2651804815.035237,38223463.68715084,-2.30283684401374,22.49855226964636,764005586.5921787,0.98783677816391,5.49105978012085,3357575418.9944134,3046950279.329609,2488068336.293074,1.9503969800607641,4.25746204335428,1.890445125042134,65.66373813125537,85.3422845550906,1524499.29140261,84221603.0888698,-157927754.757847,-78939656.9864215,1.33566856384277,0.451969658863314,248040850.247764,90113095.4899169,6.6822276422764215,8.354619834710745,8.06694262295082,8.9,1.26255750656128,2
4,1067378884842.85,119.797086368366,1.78817307949066,5127893870.6791,389612229990.5231,34512723062.14593,2.181109106109602,20.34289517866795,283716525927.09674,1.53876042366028,5.13429021835327,1360158602898.422,1302762319510.173,384022372931.0899,1.1231132891582405,1.61076787290379,-0.9989096972806522,46.43491280532993,53.35020430525875,-554094269.010961,3771396461.83194,-40706739855.8767,-460550555.238665,0.917313098907471,1.47749071058438,88320396973.7939,47613683968.5351,2.168,13.229,5.41,5.159,1.26963520050049,1
5,361524412024.267,118.057980056249,1.521409034729,10635667872.7,280077577707.2475,16134639072.705856,1.45052918393192,19.460482648763044,86520557765.33319,1.49224412441254,5.21750020980835,428440168393.6464,397315530545.019,265607468407.1395,0.4708217481662871,1.53089564152644,0.8375810418236824,87.43708003022331,86.75337569794,-76440546.9967512,16467353289.8265,-1276328366.85606,-3833322249.72938,0.892080426216125,0.444673639004876,33615787141.7745,32339458774.9185,3.066,10.715,3.997,4.56,1.33687436580658,1
6,36650198911.4157,156.891564325,-0.849424362182617,4193353386.00028,25226117931.1637,5917294117.647059,2.500000067437341,11.123470930275154,5358647058.823529,-0.12810717523098,3.1764600276947,42845176470.58824,43843352941.17648,21541382188.070534,0.8771811194234544,2.61057182799215,10.399998205668725,63.98504460379982,42.33021602892754,-18620000.0,5008074730.48852,-2061013783.63323,508617642.907164,-0.693412125110626,0.846646726414021,3650482783.63323,1589469000.0,4.65,10.04,4.6,5.0,-1.52881360054016,2
7,11709113685.7282,116.218911182281,1.10244631767273,-345480921.341999,5197101268.337501,-173200000.0,-0.7436618827843375,12.520388706379654,1635000000.0,0.445289075374603,2.7009744644165,13089200000.0,11531900000.0,5475951630.3294935,2.3913602468500983,2.49123527368046,8.365608055770707,73.77752959621611,88.98426322806813,907806000.0,374587470.329001,-603071634.850004,-66630559.3500019,0.801466107368469,0.657441084996389,636336037.660004,33264402.81,7.24,5.87,8.06694262295082,10.0,0.904696941375732,2
8,28052942595.733,118.772111860491,-0.0380972623825073,-794414893.617024,32390957446.8085,4356648936.170213,2.166964668823695,15.689935952485872,6064680851.063829,0.245266824960709,2.38460445404053,34296702127.659573,37555583244.68085,30295212765.95744,2.264593489883879,1.00582004702137,1.5846432138955606,71.57653680378414,64.11019519968306,896276595.744681,-411436170.212766,-2260638297.87234,-2890159574.46809,-0.62683516740799,0.459362584678761,4591755319.14894,2331117021.2766,2.46,1.5,1.54,1.2,-1.42869198322296,2
9,360627233626.55,179.679821747048,-1.01699352264404,-2948537074.51494,45143332661.73448,-18926619071.95185,7.881906728613501,6.238188771485865,21910914367.904743,-0.753748297691345,1.68138802051544,369957090401.5791,336054894620.107,66963788016.44537,11.633323452290083,5.59199639930629,12.334506811081567,72.73591851005504,35.212680805130795,227998418.61995,-4714447597.14725,-2547849494.1269,18871918280.196,-0.928613364696503,1.1131724900167,2730142025.46887,182292531.341971,10.736,3.454,8.483,4.372,-0.741844892501831,2
10,4465152428.68021,134.091174070188,1.15944015979767,-296395806.963393,2301068745.291685,165949999.99999976,0.2635985523686202,10.872292224448149,580700000.0,0.592136740684509,4.11122989654541,5243850000.0,4530400000.0,2539069266.3202,-0.2929360562437182,4.10028964518461,-0.1677500524218942,51.10651200981459,81.45535518839664,-3726502.62,-432601845.269809,-253071776.573755,-58395285.9348825,1.03281283378601,0.175755759089405,326200106.325,73128329.751245,4.166,9.433,9.791,8.413,1.10116636753082,3
11,52403178269.1789,508.339294380209,0.0072857378982007,-1245800000.0,43144600000.0,-425952405.1969062,1.4462066710268149,16.84306623519283,10848639653.348364,-0.174313709139824,4.97948980331421,64381917244.76201,56010111947.55862,45417700000.0,1.4276749294006803,5.59815595039852,1.2575472060916155,27.67631747591385,22.73492320498934,34900000.0,-554800000.0,-1870100000.0,1027300000.0,0.344906747341156,-0.201786600970723,3039800000.0,1169700000.0,2.173,8.709,5.039,4.165,-1.40739941596985,3
12,440488894845.5,117.110457187971,1.44899594783783,507274955.68176,514577142565.3078,3366035956.078426,2.2408353310313918,23.04075280951925,123467515370.9802,1.11346733570099,6.33397006988525,532499768393.7247,478403289709.01886,506031866561.9533,3.670935948647383,1.43681956996429,4.0991923911356025,86.56447533471756,82.92112478092531,761509837.445884,-3210968224.10718,5199680162.49991,-8035724668.64168,0.45831623673439,0.540461327098122,67810445760.1183,73011261694.0468,3.154,11.706,5.302,5.36,1.3083484172821,1
13,1862752441.77071,106.160082270615,-0.191070929169655,-184645704.683613,1112434207.671504,38003356.33301973,4.23623453555723,18.77476941158525,448114783.722036,-0.634144604206085,5.90775012969971,2226618176.098498,2021892512.48503,1376654759.533488,5.020652194261132,0.187069385181424,0.8188454668091936,85.81152652244721,58.0818433229353,10339563.105,-153093983.358384,-163503828.067674,79574847.1783691,0.0619343854486942,1.82301611890652,173462160.738938,9958332.67126393,7.019,9.937,10.102,9.053,0.504456102848053,3
14,12759759263.4295,110.720040198149,-0.330108225345612,-575592817.829541,3708936175.14568,-636109322.7433376,6.8656866284833455,10.342063240044624,1488296200.3383417,-0.490515828132629,3.00273609161377,15026818079.90203,13126511495.36097,4501397298.328687,13.558394443142618,-0.705026634542716,11.25680305283565,12.506384189593447,31.79947730042343,198487871.796351,-370404520.147909,-70793826.0790455,216868305.353464,-0.42025950551033,2.88707408493347,194796043.149286,124002217.07024,2.263,0.829,2.004,1.473,0.0611070208251476,2
15,571768592207.8257,166.8348470393972,1.17659223079681,838701046.112249,3657511972.04247,1924663000.0,0.3062667352339332,12.256729168925832,909874000.0,1.30727672576904,1.92679822444916,5581028000.0,7106986000.0,2634531065.252488,15.644108868943846,5.2503776384447525,-0.0350774627301859,33.35949711903669,80.12121513873471,-134280409.56886965,891579728.729352,1641748706.9643,-184279860.677731,1.0513995885849,-0.0109521313739413,410708637.454708,2052457344.41901,4.37,12.0,5.63,8.94,1.00476729869843,1
16,34324896354.2931,148.317518475358,-0.780918836593628,-1366094867.23348,10414108244.345,-2642975629.5224314,2.21670563961031,18.14309200161599,7419676049.204052,-0.790492653846741,8.09103965759277,43538298465.99132,34208221230.101303,12936185063.186922,0.1230995614637038,1.83954504969026,3.193773866237052,41.20414396970971,31.604909384709977,1923557.2234984,-2766073156.58991,-835894205.336622,1155981951.60847,-0.728338599205017,1.45750439141779,978897411.099123,143003205.7625,5.286,2.913,5.163,3.682,-0.116986528038979,2
17,17078344259.9393,105.799283333333,-0.646842896938324,-531916721.817284,8884500232.07442,-2956866462.2119346,2.8873433441487464,19.35897002753593,3965222089.811263,-0.706194877624512,4.3894049759771,23870571912.315712,17046568972.563456,11875922569.911598,-0.6730523309139329,2.05267452001727,-0.0164297795230368,76.56032991966244,67.24049507851326,219742847.51018,-341873653.926884,-34106206.1320067,2459505616.01991,-0.4248306453228,-1.16608133465016,719972023.171898,685865817.039891,13.267,15.005,16.377,15.692,-0.243577122688293,2
18,12308111555.4803,149.753698758867,0.68628865480423,-1154933120.42886,6521661935.978375,-1491507155.7801278,3.032202574456605,31.641939502348126,5292401901.581487,0.375697076320648,8.39899635314941,17849106366.70267,15932007248.707891,8864783750.6348,-1.4852595790262058,2.77286442863321,4.520870947890572,62.81807992238394,21.84663878961332,1.7167152890659002e-10,-681727999.477847,-876057010.061623,1188188694.22757,1.09520745277405,1.95085634796209,1169007277.19714,292950267.135515,15.252,22.748,24.728,20.094,0.498026460409164,1
19,1414533397119.49,167.397860280061,-0.407679289579391,-68021678683.915,283961511689.79504,-12071834271.312902,1.2207778236084152,19.98358128310352,374350071150.2252,-0.233971297740936,5.96346998214722,1885360039609.874,1611542840700.3118,353167335139.65,-0.6700375351523746,3.73297621216894,-0.4258042888071287,46.60062650855086,51.69362598604062,369209178.8,-67347206434.925,-57271612076.61,1184144765.94,-0.714393615722656,0.766107802084815,82400426135.08,25128814058.47,6.733,14.639,13.539,11.936,0.302083343267441,2
20,56961503392.9708,114.418393160353,-0.180789098143578,1263580000.0,45505170000.0,2205746093.526415,4.035188946624984,16.711792913086803,11511251788.67838,0.173825904726982,4.19715023040771,66675264152.02335,59469160895.19776,46231300000.0,-0.000580423830101,3.10372944796781,1.890445125042134,72.07446083562657,66.51452559097888,998610000.0,2677930000.0,-2924750000.0,1989730000.0,0.56119829416275,-0.703905641117455,4388690000.0,1463960000.0,1.906,12.799,3.388,4.23,0.354615122079849,1
21,13686055030.6714,108.359022934412,-0.220120951533318,-523837226.294833,4682310006.614364,-303549508.46435106,5.486455426836699,20.499942408835103,3286717534.357048,-0.778358161449432,5.40713691711426,16336363010.128298,14583878456.642015,5748895180.714202,6.9083857070518775,-3.2333893398333,5.24843291906933,68.54043521268378,47.19229808771056,214931955.821136,-316070181.024214,-511103210.664198,542747947.805011,-1.30215322971344,2.70387556725288,725743313.292352,214640102.628154,11.085,6.447,8.711,4.695,-0.20735926926136,2
22,1714070482.43379,110.501606515952,0.851036787033081,-21816807.5217905,1039524976.7867284,-229555184.62482312,6.9478263405185885,19.814467196561395,446256897.5076435,0.278715848922729,4.13851022720337,2481732308.948848,1971742718.4938667,1363251074.395905,3.9178588458720753,1.10666674296063,2.7039837646271963,95.74170255998592,83.00635348744999,12593789.7000034,-24907162.5785768,-42418819.6617467,301909290.087387,0.8595210313797,1.01513458042928,76595816.4463551,34176996.7846084,7.13,10.42,13.63,11.29,0.947817027568817,2
23,32359713829.9098,118.648588290011,-1.21871328353882,-1695070703.44845,7962324991.454481,-1459230123.7389438,3.475059981949812,12.09635125480658,4798740657.909429,-0.866170048713684,3.04739952087402,41130206576.26724,36360844099.71655,10160405670.37946,3.761342719148104,2.45280214062731,1.1734346680685377,53.19382863648247,41.64981289423174,263861898.93038,-1443607751.61335,-843481619.93808,503009975.476545,-1.56176483631134,2.7748797807221,1075003491.82662,231521871.888541,13.297,2.576,7.448,3.534,-1.2116025686264,2
24,1421442205127.79,116.75729822553,1.72997653484344,-34032332330.5444,675210825607.083,-25564644016.6048,1.9084319253882995,20.663496088068488,360314585114.83655,1.69739508628845,4.77293014526367,1769191847096.4744,1629435344525.3196,706999905155.783,0.2880350345977263,1.94926902411593,-0.0191896772844444,90.31965238983362,71.90642678683216,-67053424.1114683,-37875632145.4921,-6250976772.98647,-2243252781.84444,0.994817912578583,1.43613682316886,117333584132.157,111082607359.171,4.441,11.537,7.122,5.69,1.4299088716507,1
25,220029243677.644,131.913566974844,0.979157269001007,-14505468953.6712,88381490820.1264,-5182833954.405221,0.7431300315760723,15.23677283373746,42449479624.42987,0.863591849803925,5.61996984481812,283781721570.2488,250740966677.20575,103861430506.9292,-0.5633077845884173,2.55754475703327,-1.451060888284232,46.59161051725716,44.82184359470484,1024884555.53739,-10834254024.139,-10411013988.7618,974470733.131727,-0.0161683559417725,1.7913919716665,21537764674.504,11126750685.7422,6.836,7.161,8.209,7.533,0.981557965278625,1
26,10516015372298.9,125.083154382075,-0.312405079603195,102909876008.388,2904513533412.1543,132787798740.22627,5.950500754393147,16.770510911129936,2394823676445.364,0.54490339756012,3.54105472564697,14175678852582.768,544645391546.0628,2811853693091.849,4.874620602187036,2.89923416358227,1.890445125042134,67.87573628624602,62.8840403963363,-327297478.87,-26598365002.5656,-39184456991.735,10250035688.0844,-0.259810864925385,0.354740890170827,312698753468.939,273514296477.204,3.843,3.137,8.603,5.15,-1.6273341178894,1
27,269080606726.016,140.94784969246,-0.283157199621201,-14809636827.6065,58300167459.52534,-18808380841.729828,3.186855392455328,15.773233415214872,50952544237.113495,0.032749880105257,4.51069021224976,341840082052.4951,292474862526.25604,82165205092.3504,0.1955549361288859,3.52301932741447,1.2014382180127967,59.59451261465352,50.84297318244172,-134280409.56886965,-13298326759.6975,-9716875188.49065,9055400805.21845,-0.979467272758484,1.83074694246543,16693022628.5296,6976147440.03894,11.961,7.955,12.032,10.28,0.204610735177994,2
28,41402372360.3234,133.850926577035,-1.55517840385437,-1693232060.97432,15246058775.717983,-1812064907.430546,4.38452887429834,6.929147319187809,3587623527.923856,-1.65568780899048,2.622638463974,53587894784.63937,48657222726.32708,18403601492.44495,4.107076863890043,2.88585107289988,6.112514853188628,21.520539994578023,28.193222604666584,146925065.547871,-676791856.120284,-1439024927.42717,1464310655.75258,-1.62443852424622,3.18628838899818,1511896043.35395,72871115.9267847,5.496,1.635,7.492,1.466,-1.3141884803772,3
29,4885911327.03531,124.740496075729,-1.43592858314514,1632374163.45606,7922303721.1814,2910202932.190951,1.124477073638829,13.240880449182177,1850633039.7159972,-1.13162696361542,3.55946898460388,11066458565.650017,13489059390.350054,6420369160.80628,0.2642669422624948,2.20607305781525,-2.473322841211427,19.306827369305918,49.05400398317365,81980025.8392026,1800828071.60886,-1408263339.37845,130439603.080942,-0.29930168390274,2.355238072353,1475862341.80207,67599002.4236108,25.768,18.941,30.245,10.0,-1.2785792350769,2
30,57459966626.1984,128.845743336848,0.627239465713501,-825214056.665626,23307037691.4285,1861743534.5854945,2.4175118170644936,16.751200979279776,10790733455.173834,0.347733318805695,6.73808002471924,62555926986.76901,59676982258.491615,24713000908.89483,-0.2829137710868679,2.09604635327807,3.0087803281172256,75.120313811862,60.591838473108375,31875748.996095,-1267538122.13685,-3829700876.49243,580749160.800708,0.43024280667305,0.865128346659953,4399001718.32033,569300841.827899,6.097,11.838,13.813,10.807,1.09436094760895,2
31,51791357756.9752,109.815676449535,0.0527426823973656,1700365681.80612,34707876841.25096,-248042732.6947296,3.399716612511611,21.72890323033032,13356821108.86612,0.456991463899612,3.95437002182007,61718338620.533226,50508264200.92085,34945399377.41955,4.930019157360263,0.771820346498019,1.8005604873297756,74.12940471335826,82.41461516988261,994257384.908512,2692657078.21681,51426753.7949423,1937889134.73972,0.685416102409363,-0.554146739042888,3152670097.93955,3204095154.53746,5.253,9.087,6.906,6.617,0.454199224710464,2
32,571768592207.8257,115.533202128435,0.14824923929735645,-540730927.620112,1964994504.698328,-876648044.6927375,-3.2061317190254925,14.478287356985986,441061452.5139665,0.26869322094551423,6.62462139129639,3922960893.8547487,2645158152.1293964,2477693761.2513947,1.9503969800607641,2.62220783425059,1.890445125042134,62.72910866554682,77.4953259605759,5105545.74860335,-493239631.849162,43491762.9608939,-28031671.0670391,0.010173221264503799,-1.19643951751799,146540671.910615,190032434.871508,10.58,25.41,22.53,19.07,0.1369417778261735,2
33,21532497305.0165,102.510991917283,0.599219381809235,-1444504539.23285,49230305633.7812,267515303.220953,5.83988491154004,16.08690570487168,4174073858.471514,0.955951392650604,5.21296977996826,25679512267.205208,22756374289.693226,50369375135.6511,10.427085711639393,0.250370996758787,8.044975428942976,58.00016490120519,83.19968877768237,-25965709.1705948,-837744104.12994,-1399190361.24206,-305435037.363017,0.544513285160065,0.817517719721429,30794417440.7445,29395227079.5024,6.263,7.59,8.057,7.155,1.04695701599121,1
34,186455233903.003,116.47554201756,0.533790946006775,898074466.879909,199841625903.914,15123941174.546762,3.0298786634527914,19.58852441976152,49470461904.08704,0.919761836528778,4.54246997833252,237424238790.34985,228189078699.21185,197432585552.1825,1.9382534139295304,2.8478759591805,4.682937110428512,90.55080361325378,82.30610014354414,1062269523.30964,410437776.750445,-12706572376.3544,-1511052820.67532,0.941883623600006,0.393788864202175,26003432492.0645,13296816357.779,0.996,10.696,1.749,2.015,0.834337174892426,1
35,296347201607.05,110.347290420498,2.12161731719971,30550146961.5163,236106321336.6498,24495852419.38397,1.4934869585364794,24.12812697830159,83603655473.59584,1.87338101863861,6.9096999168396,322002886591.8136,301611016493.60754,200439604235.3569,1.610809802705134,0.75813157251162,5.168894453522867,85.47673660079978,84.51386810727892,128066874.597703,23183220503.2863,10003273000.4559,-5116270657.18477,0.967484951019287,0.358130915892652,21083666284.2189,31087241985.8428,4.096,8.403,4.119,5.018,1.54312837123871,1
36,79201784818.0885,132.172234898705,-0.838781177997589,-1187900000.0,21175100000.0,-4333740276.656968,5.052168020162526,11.068797269779406,9844740217.43076,-0.351272493600845,4.04276895523071,93275112834.89664,82359218489.30743,29260800000.0,5.973321650106286,1.81060377042959,2.547338832109247,70.79550197417764,63.80515487886369,1400000.0,-2012000000.0,-4068900000.0,6897800000.0,-0.0031599334906786,1.07497482890671,4734800000.0,665900000.0,5.449,4.766,9.785,6.356,0.179443821310997,2
37,80158709240.9735,124.142674729473,-0.509074687957764,-153719128.655858,26220832199.69088,21528000.0,0.0121051028476557,14.414744239716782,15583493000.0,-0.367639988660812,4.22565984725952,108086481000.0,100871577000.0,29113281283.24467,0.1629657945782838,0.266012515466155,-0.7982260952234981,63.51037828946766,55.06778186700731,83595123.8763534,48908364.4567614,-3028758227.21849,2738729954.89792,-0.238249406218529,1.90968326333656,3223799005.30057,195040778.082079,5.321,2.078,6.231,3.812,0.0320078320801258,3
38,261565839501.626,288.572774376263,-0.65516608953476,-10221895259.0833,54570434740.91667,-24971526195.899773,5.5520930715695584,7.285561115082202,23217539863.32574,-0.251194149255753,3.93084812164307,343650341685.64923,310024492910.9174,91591730000.0,5.45799533474316,9.15279959324804,2.8076133850469347,56.12882400507407,53.72123347215146,-169500000.0,-11060708000.0,-11593102259.0833,26799400000.0,-1.12460207939148,1.79400212546566,12640930000.0,1047827740.91667,16.052,4.903,11.144,7.851,-1.44390308856964,3
39,22200966540.4098,111.228352310937,-0.537628948688507,-113356041.21432,8300331326.177284,-4335980000.0,2.363636283162577,16.032020963396644,4309590000.0,-0.531054139137268,3.38710999488831,31217110000.0,24316750000.0,14053321086.05362,4.386378355653491,0.075324135002551,1.9773990354892133,49.91588801455799,45.43952247249746,247664532.855398,-138529199.176243,-1341102738.23633,5639633718.66197,-0.120268002152443,0.0617207329334854,1584724388.81462,243621650.578284,6.462,3.393,6.183,4.17,0.118330992758274,1
40,25294350709.1772,122.14231282149,1.52543818950653,767403735.730159,24795814377.79325,1247889430.823527,3.739706681616454,19.53930752060393,6073188397.294107,1.13979399204254,5.29571008682251,29762007877.92152,27001869588.68231,24110033120.97557,-2.961308770578228,2.27725931243522,1.6708357366014042,86.27165116712425,82.41754903086687,525451120.16428,1040341334.97521,-587201780.153321,81624726.6262989,0.630106985569,0.371554389037477,2431485872.56807,1844284092.41475,2.823,9.644,4.795,4.514,1.17932105064392,1
41,82027923370.9125,322.519847925871,-0.435477554798126,-5025133763.02265,7654757397.514711,-12406629382.87839,8.364085699078899,9.193046848259092,8817290961.298302,-0.661525189876556,4.48086929321289,108514894118.3306,90473171659.35432,19893023951.128685,12.555716874447882,15.8096321719344,7.697168421487262,46.42305854995421,44.349539504730274,13796891.8336844,-4544450647.75875,-599236914.721584,7213132790.59128,-1.30372190475464,2.656010133459,665807823.938784,66570909.2172008,5.483,3.197,7.939,2.251,-1.06261813640594,3
42,4327564742.68142,132.297245600612,0.688096284866333,-698096508.690148,2697960078.645464,-571099795.2687312,-0.5805042587856377,21.242435297576804,1156524679.8380156,0.76248824596405,5.11768341064453,6052787617.808413,4423248663.475808,3719321879.539221,-0.8965469202858571,1.77310182460282,-2.2892121421788687,67.60579947193845,75.68569373392184,3190179.44726982,-553667781.282734,-451664632.684438,323265292.203609,0.779773771762848,-0.0577971466911964,513225703.004081,61561070.3196438,5.022,2.575,5.545,4.32,0.0224821381270885,3
43,218983609936.084,112.331712088838,2.11400508880615,-846714797.429672,130632500691.1511,418683466.666666,1.2247489220622327,23.18830307932193,62264052760.78421,1.97287130355835,6.41695022583008,268101830878.4309,232056990611.76437,128844516575.8639,0.7049288474224795,1.02409392963431,3.154310293326958,78.31158105278313,79.04943184433037,210490444.832249,-9698963434.92948,1367641522.70015,-2635834684.14498,0.835154116153717,0.110191690491055,22180758816.8829,23548400339.5831,3.944,16.043,7.197,6.695,1.56277894973755,1
44,2284151926740.2,110.04856675289,1.24832808971405,13699135191.3448,1124534978125.004,-26125176635.294075,1.8429718144589629,22.98354757787774,627191191490.1951,1.33828783035278,5.35443019866943,2754996542815.6816,2428441350407.84,1062176776512.429,1.9329236565577328,1.10825492288294,2.064154042866022,81.51271718224012,82.1516135090383,2263690881.94259,-565686006.249519,86556207519.474,-48658952844.0875,0.271274894475937,0.341374143157509,145962935694.804,232519144421.421,5.102,15.438,9.145,8.415,1.11471974849701,1
45,14144523113.0185,133.612466666667,0.716376483440399,-1033862646.76,10918707900.21,-1565767238.9330306,4.982350475111062,13.111311957141057,2290603398.127128,0.766231834888458,3.86666989326477,19036203497.446083,15301422389.330309,13327691946.99,2.5640262616685163,4.85289821696723,1.3310718886507544,23.724240913017358,40.681211000983375,47050041.99,-1069118277.04,-793135262.3,1375121400.02,-0.498185902833939,-0.171565740223868,2165775096.78,1372639834.48,11.292,11.274,11.798,11.565,0.167866066098213,2
46,3300286458675.79,112.854877121191,1.86536622047424,317892238005.813,2114371649438.473,230891617647.05844,1.0754716357642309,20.251172242675104,787604052423.5282,1.49546587467194,5.11676979064941,3658285971607.837,3504589957733.328,1739631695400.222,-1.3251101749766292,1.44565976888253,-1.141383849980656,80.31491821828777,80.71195869471141,-4123651517.31601,224101148171.914,143939595694.56,-56847732940.0425,0.548454642295837,0.22551987421288,137328304677.542,281266764600.673,1.809,7.876,2.71,3.136,1.35365509986877,1
47,54482879880.0294,278.45173709811,-0.108893923461437,-1863971933.06699,26075275749.62448,-1315918074.8825018,6.507774793915203,7.0432037272921,4813182761.387844,-0.290070623159409,3.15307116508484,69653891707.37694,63945280083.41407,31343329905.241756,6.365811984225431,7.14364003330857,6.321432141318155,47.03967160682328,49.01103423818123,257078712.76,-1469553238.11786,-3952133968.54628,3404082222.55026,0.118470922112465,2.08893118401294,4435071175.71065,482937207.164378,4.472,2.803,6.803,3.369,0.550957500934601,3
48,173208375912.876,101.949414101629,0.0140720242634416,-3112110573.38848,88147802567.94028,-3416217520.4548965,1.8794899859081653,20.17894683414631,41417845495.482285,0.31449168920517,3.58606004714966,208668989604.5644,177883189822.66638,91912671135.0178,1.3304483860386256,0.253007522038157,1.562324215329454,65.75502399354191,57.4500389897191,759220517.065487,-638093842.084118,-1756866773.85682,652757993.68899,0.162369400262833,-0.105339392724138,8720554288.78151,6963687514.92468,12.086,20.184,19.233,17.045,0.810959219932556,1
49,66530789792.2866,142.921394880398,-0.915391564369202,1821490950.0,14607576600.0,-7943184895.652656,4.017897934382802,11.1070048234102,8571533000.255435,-0.726433575153351,3.19297003746033,85115502154.30046,72444423166.92172,23940589230.0,4.242795801640312,3.69998398008605,3.247563444150785,53.49793705183152,54.98566274031735,680280.0,1397283970.0,-1404055910.0,11154503580.0,-0.577349424362183,1.56038604781094,2414032080.0,1009976170.0,3.585,2.626,4.568,2.193,-0.333213925361633,2
50,21898573171.5466,150.34435782941,-0.875686287879944,-660874046.634071,7428329776.202818,-4564001142.6221695,2.653066254803548,13.488992104146618,3384379623.771127,-0.619096457958221,5.93245983123779,29653938164.16393,22693323335.18534,13983543018.13272,1.8366034453275404,4.36587159819267,1.9961501955092016,71.62982981815,48.53155658462728,21576729.54,-135660995.268854,-1973288292.14162,5894339195.29582,-0.569066166877747,1.68069668453135,2158622858.44002,185334566.298398,6.581,5.019,10.443,5.551,-0.571924388408661,2
51,27425880736.3175,134.647443117819,1.65278232097626,21253125996.6558,858641551427.423,5660728667.748777,-1.672431653272639,10.876436104887766,39489570907.91033,1.70707488059998,3.81017994880676,357413816404.6403,349763914038.39526,834633074838.0271,-6.398280385838035,2.88320853773988,0.4191274528481585,30.885159107477133,41.30896833165452,-87150028.8631368,30223939865.9746,18340974400.9266,-2755478312.0975,-0.228379547595978,0.739283471323064,195270403598.888,213611250231.501,2.631,3.438,2.865,2.917,0.128072425723076,1
52,133395230789.824,121.642047406389,0.0311542917042971,-1283430268.00208,152154474709.0903,3785818482.075277,4.864225735118907,20.08572479694305,32944698272.896164,0.45059597492218,4.22488021850586,160234641849.58368,138536606344.1822,152428467243.7082,4.500475042753834,3.33858635382008,1.7540041632289984,86.8115592146821,80.59095143503968,3062120033.26097,557452420.299226,-4109564844.54895,-1009437733.3839,0.761821568012238,-0.0452557101106228,22527870942.6682,18418306098.1193,1.544,9.656,3.019,3.419,0.342962503433228,1
53,20726782363.7944,129.003331214359,1.67087435722351,1614811017.00178,11652675524.504229,1126395091.7459912,1.8611779429387385,24.58737630583977,6068494840.389694,1.48212385177612,7.60675001144409,23554948557.549194,22184375031.606693,9833297096.775354,-1.4849403976000275,3.01397179156053,-1.7727599894555794,91.79944915717331,82.69112866818067,-14043832.4430181,1508010387.30475,694265433.271918,-204558948.6129,1.61964797973633,2.19893225826166,175328605.866594,869602190.642627,2.313,5.719,3.334,3.507,1.30208480358124,1
54,2479347909060.48,171.621576003377,-0.302205294370651,-29762864650.3282,569380732947.8177,-73069992884.4884,3.871436939280244,11.002675513134276,311992555245.59485,0.13084465265274,4.2933497428894,2892606499701.852,2592651554016.057,672210270766.6162,-1.400032740919201,3.72950573539131,-2.9749629431498903,61.596239029991104,55.7289401409478,-1155591043.10925,-31261609594.8237,-29377866496.2087,73066673168.4714,-0.796840608119965,1.02531077187097,52725478976.0263,23347612479.8177,15.73,4.937,10.309,6.51,0.268094271421433,2
55,839487253839.715,151.176675071352,-0.473180323839188,-30279059752.9683,207469184502.7022,-4976882675.837271,5.019287680462824,8.808471290592964,98575590880.94511,0.138761013746262,2.84207797050476,1124908875334.173,1073050215306.0295,245377166670.5157,3.809958371917304,3.03058664969487,3.7977842664278256,50.14133314520785,49.68191188202892,39061578.8918444,-31887652359.2139,-33774657690.2885,7628922414.84497,-0.502156674861908,0.937689273635294,41147157049.2237,7372499358.93521,4.377,2.377,6.209,3.59,0.131288319826126,2
56,177767447040.489,119.618699575991,-1.38980269432068,15762600000.0,90614900000.0,16620400000.0,5.513790574188263,19.31538643587064,45127715143.82403,-1.31065630912781,3.55150008201599,198645212013.5364,233636097800.33844,75160500000.0,7.354827436682228,-0.198965380023928,6.671790564237796,45.23866711653015,28.58542869908384,-11100000.0,13120670000.0,-1166000000.0,308200000.0,-2.6091480255127,2.36838831392184,2878000000.0,1712000000.0,8.858,7.465,5.777,13.02,-0.964265942573547,3
57,208708508843.772,106.584326346003,1.45883345603943,-44933860211.6348,624122445494.446,14015369714.517624,5.297728025923703,12.057105784247728,48099775024.870514,1.2576550245285,3.27185988426208,383932491529.46606,373950755275.47394,665048489233.7051,2.327213076767464,0.939044481054393,1.9306498369259089,89.28683113691967,88.52420691268397,-39386273676.6231,-74027301282.6303,-90260469931.6818,-4007816472.37548,0.959303259849548,1.36762695363797,212069923955.057,121809454023.375,3.22,8.63,5.952,4.95,1.30319917201996,1
58,341551732943.002,108.185357515905,0.774113774299622,13363100000.0,131147100000.0,7361875628.461628,4.156137988977335,22.03634666986053,88689797625.08371,1.2887442111969,6.05673980712891,392290671953.8849,365815345543.575,125993800000.0,3.895974477580296,0.84978312826417,3.874554489090471,71.2367211665167,75.04359622763445,389600000.0,4914200000.0,-2125100000.0,8209800000.0,-0.815560400485992,1.90898263957994,16566900000.0,14441800000.0,2.566,6.146,4.197,3.731,0.658837497234344,1
59,1673081171844.52,110.623595648239,0.234261184930801,65311699942.0448,726823147298.6113,66893079858.82343,0.4831983165971536,18.61866692344106,374477657223.5288,0.451061338186264,4.09527015686035,1944409118968.6245,1803885961650.9773,644039772816.3345,0.3837978096439229,0.611246943765304,-0.4437735229585513,80.72206353063042,70.69388018046088,-1207574624.64826,59388988424.1609,15426713509.6318,-17472810311.6609,0.381040453910828,-1.15302842389952,75243664434.7665,90670377944.3983,5.704,13.676,9.437,9.952,0.905116975307465,1
60,14183306140.1421,162.49153689912,-0.113833971321583,-302634573.942249,6411024352.726692,-2222393638.3871527,0.8922916538222267,13.5821416742441,2150157143.7549624,0.589010059833527,5.16364002227783,18053160209.11376,12860893989.752905,9130143454.867523,-0.7493021788683762,3.90510000865873,1.7708868021377526,84.94768856509847,68.77680544481233,-26665440.5971671,-595727698.642605,-441499585.42181,2416484528.19858,0.388235539197922,0.0688992221522009,821630313.526604,380130728.104793,3.336,2.952,6.713,4.987,0.613028824329376,3
61,4088190737217.58,105.484267885393,1.43116724491119,176609997619.696,1218124140370.245,-14809695880.25514,-0.402169200910933,19.945105920157847,1020789294971.31,1.55019092559814,3.15533995628357,5132804466246.606,5090904512125.53,1028915034659.414,-1.6928648309942247,0.46877615938395,-1.8118182722007528,60.458670325467104,54.89504418780166,-3808661034.19253,227915215372.209,197824294819.293,-12599108091.1349,1.01969504356384,-0.140464977878172,115667441818.991,313491736638.284,2.03,8.354619834710745,2.87,2.351,0.929792582988739,1
62,42516475725.5879,125.604002606804,0.0804249122738838,-772845070.422536,17440985915.49294,-5553521126.760564,1.7512390588061637,16.371807450074375,7285915492.957746,0.0748955011367798,2.98846006393433,50056338028.16902,38696530985.9155,23226366197.18311,2.6187135557598253,0.761514047265601,2.2791706989672638,57.341521396831695,56.17853663032201,25352112.6760563,-1072676056.33803,8042253.52112677,5012535211.26761,-0.274439603090286,2.25750975365016,1262802816.90141,1270845070.42254,24.615,18.094,8.096,16.801,-0.695054590702057,2
63,124244571028.91,188.51643427329,-0.285695314407349,-7027653497.39316,69812174209.7906,14568541279.706076,4.500000000918831,9.132161575976136,16590140851.440231,0.0689593032002449,2.8569700717926,161753905045.72348,168992969881.3743,77902615822.7075,6.617818110927942,5.24547679608392,5.8000000012903286,58.224940130630856,33.0397785442308,231079603.993,-5301311258.30059,-22724545566.2649,1062788115.52369,-0.167979881167412,1.28960848954226,25240926058.3877,2516380492.1228,4.62,6.7,6.05,4.8,-1.23016166687012,2
64,85831083413.107,189.966315017817,-0.807418882846832,-5258353850.90664,11688655434.800816,-8937167365.004023,5.114158857678007,12.170798264106866,12216856971.464369,-0.441803723573685,4.57799243927002,109347544532.6718,91884299776.2417,22230623833.24643,3.9531146482749193,5.23585999425444,2.639694977008162,44.91420079462669,44.07741408188125,207331412.914026,-3731206335.61898,-1604801205.24031,5283614547.53901,-1.10573601722717,1.97845694844255,1822211842.90273,217410637.662419,12.332,4.145,8.137,5.014,-0.307872742414474,2
65,1337160677844.25,115.158634290169,0.705077528953552,59676100000.0,701878600000.0,46150387327.49392,2.243977860110121,17.077865652348525,282027789755.5042,1.33259665966034,4.68465995788574,1605272545120.2742,1512525555462.594,636055800000.0,0.6731920171299635,0.383000303608136,1.1176964748013771,46.12140058459055,56.64501927368634,-169300000.0,59026900000.0,12856000000.0,-6146700000.0,0.546021044254303,0.347874968577526,28515800000.0,41371800000.0,3.892,3.441,3.624,3.746,0.751704931259155,1
66,129183021129.703,126.601512114575,-0.159434482455254,30254864181.8116,114047916993.5571,11445453886.716885,-0.5519593317084457,25.221761237261354,34349977108.86628,-0.0172720868140459,3.75997996330261,124746371837.6475,145442004406.95496,63948913312.99999,-0.9314741730245828,1.09184802655856,0.2638755758985809,3.4999833656963983,62.08539402937509,1083064832.14191,25974888236.925,36919245089.3766,-19844139498.7455,0.175113588571548,2.82985240186539,4295202605.47218,41214447694.8488,5.68,0.67,6.08,2.16,-0.655357837677002,1
67,26483146825.445,116.856984643273,0.480807155370712,-206924677.435059,22176665755.87091,-239949285.905882,0.5875023834940976,19.15717494488332,6556648017.521558,1.06583380699158,4.42054986953735,34465496822.98034,29797273563.929363,22906953812.93262,-0.1182024219364308,2.81140920075615,0.9447059661331424,74.49598867575237,83.86844415365601,505895640.259735,400136698.890687,-499845795.860381,525634922.483761,0.42679351568222,-0.695239140136066,2140083502.32682,1641373477.89501,3.616,13.748,7.087,6.312,0.855667293071747,1
68,40398925323.5651,130.024611761339,-1.1687958240509,-11264596490.4798,21303640609.28022,-11139351720.077225,-6.9149247285102575,15.629783477577291,8065899673.745173,-0.809006750583649,2.60026550292969,62745310851.5444,49015784264.47877,35491423036.59362,-16.90442625016925,3.00538949390383,-14.150418960295568,62.23445077659922,61.842717340534506,1447760967.29165,-5930507157.06714,-1249506885.0908,2923185936.83364,-1.67229104042053,-2.87986589552119,4344737320.37982,3095230435.28902,14.469,9.544,12.329,11.301,-0.515705645084381,3
69,45983380104.4889,118.382098321258,0.666612505912781,1928828105.04246,43577063568.0409,2911439747.1372504,4.665678381223401,16.892030010318805,9258273613.082338,1.00776672363281,3.96757006645203,51897093013.74894,49251026938.109726,42581224327.68048,4.914028014928576,2.33450937988027,3.988648728702444,70.25622829397166,74.33465483042224,920816812.600912,2116886614.86335,-1907689383.32438,932988864.68208,0.770523190498352,-0.264704354944785,3161725644.41798,1254036261.0936,2.904,18.124,8.298,6.255,0.994766891002655,1
70,38530629915.6982,115.087815087815,2.07251167297363,6262984952.80829,492509306087.528,21299082841.92153,2.915847915000498,17.23898833232164,12048416058.133314,1.69563114643097,3.73954010009766,48591422481.66267,63553662767.63912,486479986801.057,10.35394016977382,1.74332075653848,13.67266539178651,91.94321244095326,91.70131485332573,-88851348.4779172,6170964926.73555,-19302258676.068,233665666.337277,1.33317494392395,1.9628449198635,368166402230.054,348864143553.986,3.641,8.797,6.237,5.595,1.49149036407471,1
71,262142361843.096,121.463089485085,0.233307585120201,12795413586.6752,254133683254.6626,27486823561.788013,4.413187421295859,11.653100184342987,42554525681.53783,0.967821717262268,3.97953963279724,337690897459.7281,361061154335.4569,236159399249.8238,2.593875501025053,0.662891865764413,3.7527514163028286,60.09401493801028,57.80897182610394,89021908.5506966,7160510346.3202,-9526697129.45516,-5178870418.16388,0.146066397428513,1.24151463105699,25299246553.3188,15772549423.8636,3.86,2.2,3.53,3.26,-0.0478364825248718,1
72,571768592207.8257,113.452474124359,0.210038229823112,1440912525.01513,33825423115.029,2921591445.1994705,7.0587272892438335,16.32148535708655,2610193737.9864564,0.824310183525085,4.93738985061646,13070787194.855911,14317495718.216543,32194796599.1477,1.9503969800607641,1.6420600176894,5.632109910087863,78.71588906866728,84.39389254840998,121733873.262163,267054498.008228,-1759087007.29103,-189713990.866061,1.0135281085968,3.93135631850717,12419042833.5373,10659955826.2463,2.564,4.542,3.713,3.627,1.08001840114594,1
73,989328890501.085,141.542522969974,-0.917184710502625,-5739652518.00004,517378688918.0,-5251358816.896066,-0.2781487812711276,11.111406388981075,145027462888.2309,-0.306652963161469,4.62572002410889,1316113814201.0908,1230994798800.413,559256471745.0,-1.5992505670730992,3.63596142127046,0.2001765417437582,92.73712733714862,70.30539462362917,-55866469.0,-15909153636.0,-36749234831.0,36138130309.0,-0.843628823757172,0.860265089734684,51664120073.0,14914885242.0,4.399,3.223,4.094,3.477,0.0088830990716815,1
74,10178934511.5583,195.758969878896,-0.455313384532928,-2161686815.38961,8810063262.87175,-846989980.5927477,5.602244220642547,13.107964863903756,1862164548.4558,-0.234557524323463,3.65236973762512,15053348998.48251,12699305813.079763,11212446420.008,3.083615250626252,7.30106953550723,3.81555115396688,9.504232167248846,31.261427083490585,160804820.12981,-2224790050.37909,-1568778708.52453,240696341.746638,0.636659681797028,2.13999709629328,1963264836.84008,394486128.315549,6.887,7.419,12.546,9.269,0.322758585214615,3
75,4900759293.45808,116.740696925397,-0.0298482794314623,-795654394.400466,2767315784.009322,-1172216500.6156943,4.062944991671969,17.79790684864435,986369640.6582336,0.106615714728832,4.3894049759771,6714270681.741856,4502794134.109482,3880935637.2362456,3.788950363983062,0.361563704540767,-0.9849069202518876,40.900692792706685,52.07596522604738,108078.2684265,-964104119.966395,61926528.4693771,317965458.826457,0.0580168217420578,-0.0319870125812963,280745852.331186,342672380.800563,11.35,25.755,15.372,15.128,0.0240551773458719,1
76,114851903519.132,111.067558219968,-0.335644423961639,-4406759940.68629,44676344434.63451,-10071252426.413183,2.890974761370771,18.178936569030096,23436333455.19989,-0.25156381726265,5.00325679779053,138991518835.87067,115474495574.33047,56758647442.26948,4.06736627082465,0.303386036590383,3.3932718463457405,73.84901285201583,69.07216381267881,318558.570036253,-3329426607.78656,-2032924298.71828,7675543066.94874,-0.345829725265503,1.04358412669917,2661287557.53168,628363258.813406,30.28,10.32,18.07,9.3,-0.624412834644318,2
77,11806791078.1276,182.353092070672,-0.858943164348602,-2946063213.16979,5860440789.711515,3427535409.927451,2.317807397225863,16.07278610266293,117298041781.63626,-0.888383805751801,6.2863941192627,701239201551.8392,13823578182.331411,10051207285.973602,-0.2619131399444114,2.80270307928106,1.2837375044616408,47.00523137592641,41.32367284681543,105898354.065061,-2842277045.70146,-276446308.577426,1244703283.0923,-0.766716241836548,2.88656653514774,536927428.425252,260481119.847825,7.332,6.15,16.43,3.426,-0.54049152135849,3
78,740741621497.968,115.907994941178,1.86780214309692,62998005543.5868,1056639363203.64,89242268972.54887,1.9555884157404648,24.615062941621417,224044911545.0977,1.76726531982422,5.15986013412476,820952078596.0771,811574240627.4497,985882383967.224,1.0214960372036472,2.63369910249601,0.4019585845869784,87.23407406364134,65.45882320247043,-453507756.926404,64743530892.8561,-18495023810.0108,-7758973692.82998,0.821221172809601,0.65507157480522,323909345407.356,305414321597.345,2.274,5.732,3.186,3.38,1.48340129852295,1
79,176367124500.655,114.240911764414,2.13102984428406,-5944952527.40173,63913300138.049805,542864201.5976282,2.4459831551537263,18.8426542833911,40152186444.86535,1.63260245323181,5.17202997207642,212414724532.65253,195232809025.77612,69520089517.724,1.9580420408642996,1.61963190184048,-0.7560171668912687,52.309212067448975,62.78507754542076,-24184543.3794493,-4488154257.09727,-5800703162.37152,-338826072.551872,1.41574943065643,1.59115889619722,11838319003.2212,6038259645.3048,2.22,5.39,4.5,4.109,1.53711998462677,1
80,11108606150.7157,162.739607236814,-1.03205943107605,754100000.0,5807400000.0,-562983622.9945011,-2.8970279195436888,15.212998140813191,1931903044.359529,-0.77734512090683,4.59991979598999,13261982422.725616,11464432203.073845,6811200000.0,-6.776531820026463,5.37628990844126,-2.1903632242784283,65.3827004591923,37.39032720999661,107800000.0,345000000.0,-466400000.0,1757900000.0,-0.992481052875519,1.38548472522896,559700000.0,93300000.0,7.101,4.664,7.005,5.2,-1.0979665517807,3
81,375139240375.531,267.505546743183,-1.11513042449951,-13685219004.1987,72245869102.96425,-322411051.0355796,2.208429277148809,16.07278610266293,117298041781.63626,-1.21332895755768,3.0636899471283,701239201551.8392,469862711202.8104,112300386115.3829,2.3121110059510954,11.3964223378115,0.7669325706757775,39.26934781071779,43.95045312048562,10555507248.2543,-21435356914.1556,-9161037468.39943,26369298008.2201,-1.93307113647461,2.44820069834557,11480185914.9539,2319148446.55444,17.149,7.883,14.089,10.695,-0.434002041816711,3
82,9927186725.67308,113.395833333333,-0.456622540950775,-376486924.302537,7972639692.708267,-1734647079.378021,3.910419538401726,13.99745626787434,1764566711.31559,-0.123897232115269,3.30014991760254,14340985527.92499,10946181061.091375,10359349109.23199,4.570858886438472,0.766439573459716,2.5865224287283013,78.0101712480582,65.2606890685025,9112817.29672545,-282433681.456386,-581628527.746654,2010222492.22118,0.0080932611599564,0.022971838409121,753912322.229421,172283794.482767,14.276,23.423,16.692,17.393,-0.0192156545817852,2
83,324344668216.053,120.269658854402,2.03383588790894,11918976388.2639,189962898092.8054,9752727272.727272,1.123777874367974,24.10350806811462,98521363636.36365,1.82778358459473,7.8645601272583,398990000000.0,363442727272.7272,171348446916.2067,-0.6015304687615668,2.16773003305402,1.822628189481975,89.97850814572048,78.16071502965991,-139523822.650021,-2907001854.25779,12545105014.5657,-6695474788.33481,1.14198648929596,0.675061373245644,31137616278.6037,43682721293.1694,2.195,7.988,3.523,3.687,1.65307128429413,1
84,59074357919.7336,113.52928579077,0.421542644500732,-4055452049.89899,44912596662.81118,11014564369.310793,-1.1287110618463032,23.108501627317672,20349544863.45904,0.206465542316437,4.35383987426758,77046236931.07933,89479063719.11574,39784189154.84265,-2.3109498520717864,0.133795057453135,-0.6190208216094533,39.36462731674984,75.93523937481142,93628088.426528,-4274394532.03108,-5849633837.57769,-9183859557.86736,0.589168727397919,0.0350068045198641,7215633904.29105,1366000066.71338,5.35,3.28,4.03,2.94,-1.15397369861603,2
85,298462131376.902,182.320932671494,-0.879330098628998,-8557928000.0,31161150000.0,-32488390584.41558,2.4976369294336536,10.749753170212768,34496976222.67804,-0.718147814273834,2.21491765975952,353397863355.08435,301212846897.21265,64581078000.0,0.2478086235219336,10.5783618004555,4.521463424817213,65.70522574247576,49.79130334487331,294000000.0,-8060000000.0,-6114000000.0,24862000000.0,-2.25163745880127,1.6079813474837,6605000000.0,491000000.0,10.902,4.734,6.699,4.83,-0.862723052501678,3
86,56472425762.5738,122.067568705097,-0.643557012081146,-4025260147.51,30392739037.15,-2376462800.0,3.2818749770670905,11.419592075585143,7103294600.0,0.0999356582760811,3.09329414367676,64579188000.0,67595108300.00001,34210781194.99,1.36751038609313,-0.355083821021257,-1.3984740331982266,56.0529694481305,57.53646070107635,22118534.93,-2165491678.84,-4907494728.54,-207217989.67,0.290878117084503,1.60228973055272,6920398874.22,2012904145.68,5.141,6.145,8.32,6.409,0.599114894866943,1
87,19309314572.8762,155.912649364765,-1.00233256816864,3559120992.27802,11355486495.065758,520159449.9798244,4.480430621718881,15.314317370177632,601417419.3748642,-0.792493879795074,1.8748300075531,3406998416.9848223,23642712258.873554,8183564626.15826,7.525357778325258,3.92867290939597,-0.5748211657021614,72.90567926265467,66.59530757545109,6374934.20932911,4279232633.45752,-1735258627.54762,387199123.370492,-0.705046415328979,2.26018781066996,1854297034.11038,119038406.562757,2.383,1.63,4.952,2.62,0.0942080393433571,3
88,33840040283.0872,143.821040974529,-0.893414497375488,-214507300.169502,14549727021.08333,361208565.20754224,-0.4018551006800095,11.94626870589238,4530662824.418988,-0.576705813407898,3.48983025550842,37564129763.95792,35162627112.269585,15341507814.33219,-2.871029446658042,2.75709727562775,-1.0683625298754291,24.708925865677244,28.31154173141949,151077575.0,-521916361.296317,-1156582861.63746,577273493.079381,-0.0180594231933355,1.33657480808218,1387398201.80509,230815340.167629,2.762,4.99,5.928,6.595,0.0529923103749752,2
89,195779707013.036,130.290437892643,-0.509206771850586,-1282039853.42553,57294462525.1021,2590743440.88844,2.240631768750489,13.244372585251137,30240322467.55278,-0.12579932808876,3.822429895401,225735077755.26437,209360596368.4045,63967403703.8623,-0.0575534744417893,2.25212191358027,-1.1809084127408624,52.68868405134436,43.77499727864514,5078047.40485792,-437642514.235556,-9568111083.62415,5390901325.33459,-0.1636593490839,1.90972560807882,12186505123.8163,2618394040.19209,3.607,2.737,4.372,3.379,0.265319764614105,1
90,375755437994.094,129.621996007385,-0.605999052524567,-3046835246.6567,108142588862.3946,-45505202473.72262,6.118525661185046,12.467754430162064,46981416427.27942,0.0599960312247276,3.3557915687561,422328604705.1359,544645391546.0628,139138524706.27115,5.469628739259818,2.39206534422404,3.7876207775124016,72.27170260080383,49.35442142224284,126951662.0055,-190849492.357554,5276244997.56901,27949100597.2198,-0.928045392036438,1.65518369204871,8125395147.94915,13401640145.5182,3.68,1.282,3.154,2.237,0.0058021922595799,1
91,502710596495.973,114.111779375092,0.610989212989807,-1445000000.0,331334000000.0,22065831027.185413,4.44998787878788,18.02199876599962,107421650659.287,0.512944579124451,4.67881011962891,573992642031.5807,523875891258.3428,334178000000.0,3.370093830842819,2.227478809383,6.211088133492055,87.45869853523133,76.77903829358947,9911000000.0,5805000000.0,-24909000000.0,1399000000.0,0.550631165504456,-0.0244271070993493,39161000000.0,14252000000.0,1.995,8.263,3.617,3.277,0.671857714653015,1
92,191198763626.932,110.624358614714,0.745713293552399,1012789683.60385,113859269491.52968,1085043951.7803905,2.682759921180761,16.997278875643023,40791246506.007774,1.1342910528183,4.63002014160156,238901878687.1212,207703132745.41928,117755932201.3518,1.3081944882529228,0.338178410046034,0.5679553321738808,85.94028110265735,82.36792387802224,2126352696.96967,3486377984.00967,-5731832640.66554,4908340451.00103,1.05163240432739,0.0237334946497115,14746542813.4198,9013574401.32568,5.312,6.627,7.222,6.464,1.19467461109161,1
93,128532465470.175,115.380849813981,0.817250907421112,4259890109.89011,100989560439.56038,25276373626.373627,0.6882409595817478,18.46358929319759,32564466497.318127,0.707452416419983,2.80378007888794,151094894062.70798,175403434875.23682,80122802197.8022,-1.56550436296493,-0.666641124861147,-1.723631157333756,61.55257119288471,66.15520599983995,-142582417.582418,3266758241.75824,-4409615384.61538,-16606868131.8681,0.68427562713623,1.45331728352711,13353021978.022,8943406593.40659,0.35,0.03,0.12,0.1,-1.3074254989624,1
94,203940206516.737,123.780383348878,-0.236526757478714,-12184401122.2688,107969136641.87918,-10298436145.0474,3.853163833482114,17.54061357333455,44030061881.69918,-0.215014025568962,3.56695008277893,261316233770.0644,227086770058.46024,121804284699.4351,-0.4146591688300276,3.82785432599438,-1.5823686544370332,79.65678033305934,75.03760964663185,3185689195.36878,-5727661211.59048,-3552485189.13869,1650281514.09209,0.542171180248261,-0.526814821936341,10620087251.5681,7067841977.97918,1.57,5.867,3.979,3.912,0.51515406370163,1
95,1306105725666.98,180.750263654162,-0.821954846382141,65627250000.0,535566230000.0,129321947358.67648,2.198075713350093,18.101366411120328,306476950401.882,0.024324506521225,3.50932550430298,1563793055349.6392,1521327202630.6543,459758760000.0,1.5506194525186032,4.47036660760193,2.867584571394204,58.85589051585297,53.366682293057686,-264450000.0,63410540000.0,-53520560000.0,-10180220000.0,-0.551099121570587,-0.0495686654330689,107400480000.0,53879920000.0,4.434,10.847,3.973,4.496,-1.11750900745392,2
96,8375800501.34836,151.066652368989,0.521026968955994,-1230865444.15051,2270363897.806901,-1482513213.7025554,9.462286430433808,15.81911996744967,1636697816.9245472,0.0929242670536041,3.23868060112,11828840924.645063,9469113543.607304,4082653229.119123,16.590028112713668,3.34787655037648,11.256080984404065,46.139260922616266,32.20951083087776,260225869.706842,-813944782.476795,-329806402.110672,581423887.16171,0.056940533220768,2.39079436618151,345495491.032473,15689088.9218009,16.502,10.201,20.471,11.236,-1.09754633903503,3
97,666881142022.419,118.399825471917,0.246477007865906,38229839208.6552,306480849698.78485,66919075410.82106,0.8322803268308405,23.404077852842,196258336473.7293,0.261315554380417,5.13781023025513,771645629884.319,814046191667.912,231662339290.1294,-1.8927272804914708,-2.09333333333329,0.3600449305646975,52.72998197180709,59.03321814192103,-1733052533.33333,36163542752.5596,7899468331.16745,-36588671200.0,-0.623455822467804,2.28458901092139,12721458790.0174,20620927121.1849,10.92,1.39,6.059,5.636,-1.65964019298553,1
98,20296897126.0775,109.252930368352,-0.0038142199628055,-1897946141.69292,6281710198.900721,-3339746064.8175254,4.613628097622097,14.007647969660736,3278349369.411836,-0.134347766637802,5.44944429397583,26743742056.95293,20928760047.048306,10270852724.39128,5.018724787248146,1.76011151192938,3.7382531653772872,33.79783392194498,55.31130369339251,369600262.941867,-1519633895.90222,-654976743.551691,2091196383.79764,0.0375259704887867,2.69763115886709,1101038514.29834,446061770.746651,17.057,3.339,5.929,2.863,0.23476654291153,2
99,41260282499.3191,143.997573551714,-0.449989259243011,-3535309659.51345,26807980692.01728,-5116781583.06375,4.331734906082829,16.620230805665955,8561786074.199001,-0.0166272595524788,3.61647009849548,56631025471.85995,42612560900.25575,34739571892.64495,6.148607658734036,1.84922984511086,0.0615982969155624,70.48649667650727,62.59745312180026,-124991931.026127,-3478047021.08031,-2772423596.00477,4396281541.11419,-0.0780941098928452,-0.536610017822353,3453199154.01575,680775558.010978,8.345,10.579,11.234,10.395,-0.0468808114528656,2
100,263598529577.358,114.405785881945,2.12010598182678,60876804378.7685,773266544083.961,111111982629.5781,1.331261326899508,10.242556403263396,38597801720.91502,2.23171925544739,2.72968006134033,264402950391.37692,357819622067.2385,705242182298.0,-1.1267250673060545,0.565260568780326,-1.4550979032228923,50.21348140737859,57.334713853092246,-84127461.2874555,63560070617.4138,-43087593693.3031,-7147557407.19249,1.4803055524826,1.14428330688929,154648470668.728,111560876975.425,4.85,5.44,5.98,3.1,-0.206522792577744,1
101,85375444090.6831,115.338987748767,0.188275024294853,-3531960379.16156,101374265512.15051,342424863.058823,2.511256197763771,19.58385056977922,20702417481.364677,0.549811840057373,4.27319002151489,105369255317.50572,94512566892.98808,103727004029.29442,3.2483377000208407,2.66456133425431,7.424983896643411,91.12227274326732,86.7156156926288,747220863.86372,-1547475326.69101,-2456099546.02119,-1179221862.01773,0.667275547981262,0.135328072840865,6971667305.64572,4515567759.62453,2.517,31.888,4.823,5.761,0.86135721206665,1
102,43437488660.6018,111.051074912815,0.888942241668701,3185227401.19531,47474281257.27776,4672313818.909797,3.522679239992541,18.307704078359222,9956947729.921553,1.04191696643829,4.8964900970459,49714340495.05874,47440083249.41169,43681861706.0468,7.382245889973632,1.63052260754344,8.191756295247473,82.86326868974801,76.0414105426278,-247391550.52424,2257325172.35108,-914941976.883328,-607192138.27802,0.801483511924744,0.696304046333357,2873310983.1309,1958367894.30515,3.001,9.364,4.644,4.448,0.977437853813171,1
103,316519190735.271,158.935639935493,-0.0310517251491547,-10200410538.59,114383933526.5864,1971031569.723808,0.25993557707082,19.58008003989294,76231131928.22652,0.12788100540638,5.92770004272461,387359000651.3466,350084168294.1527,122190279879.8666,-1.3446195448466651,4.12024587014984,-0.6974166619690152,46.44169738393766,53.61221670373612,16899067.3777317,-7194950237.17835,-9745209303.01925,-2394064185.30949,-0.283249706029892,1.29507386292128,18295724154.3506,8550514851.3314,13.108,30.666,27.903,25.538,0.642934679985046,2
104,1184303868110.12,110.961443623997,0.666526734828949,29247197810.4435,562361956833.5703,40991798125.49013,1.9839662230883024,18.861946844392637,262995907639.21527,0.968881249427795,4.23021984100342,1353328257003.9194,1264579676290.194,519005795919.2854,2.2546826711287764,0.699518994458739,0.4518523641561245,79.16178658545347,70.12902219664655,4705030094.42637,28923548072.0779,2441416778.92314,-14106737133.766,0.292700946331024,0.717715637103499,73286603733.2514,75729139376.0003,8.615,19.912,14.489,14.104,1.03611528873444,1
105,80057332389.295,155.528883036153,-0.303825676441193,-1843400223.16081,19666076680.019966,-5143694975.955261,-0.2204838860726141,8.972548564449351,7986912161.56207,-0.124889262020588,1.5554107427597,94158674917.3438,82065681025.62912,27275430961.5346,-4.08973179596471,3.52839358231838,2.0282816265403625,72.27363780754004,41.42765313972813,23110883.153365,-2459916136.02074,-2461686799.89504,5765954058.35387,-0.21556980907917,0.611875945764341,2713440755.7775,251753955.882464,7.789,3.107,7.293,4.67,-0.0890978872776031,3
106,2876593588.1887,294.682234318514,-0.419854432344437,-448255079.399869,2307846088.9844985,617392549.1100259,1.167589772338772,13.324439256232804,582060940.1049093,-0.626823604106903,5.32032108306885,3733130522.612776,3929840661.148657,2845844472.1786547,-4.872223114953272,34.8897843090783,-6.826055523743619,85.84444909194477,61.11354918906905,-2945040.0,-739811644.28654,-412033501.272336,89743303.7942811,0.0876266658306122,1.10317898471941,433129560.790375,21096059.5180381,3.606,9.141,5.377,7.917,0.363338142633438,3
107,458007910571.367,110.509219846432,2.09203410148621,28508764986.7571,316961511959.2951,22340685068.45673,1.986195873803908,25.75323009518144,137491223582.97385,1.67409884929657,7.63851022720337,511538844119.9971,474143523460.1813,278140443294.0938,0.2147473287773493,1.78415097403835,-1.8314212915658885,85.55227254010562,85.36820924193722,73058911.1597112,17856276270.2625,15236035096.7634,-10312306985.2722,1.01176965236664,1.01372226345511,44492028457.2118,59728063553.9751,3.724,20.588,5.014,6.833,1.55885195732117,1
108,536712507500.121,99.5468963730059,1.94505643844604,30805804824.0669,656716814067.037,70717077809.3633,1.1419823250527656,11.354903764108789,81910768534.12492,1.91630423069,5.01438999176025,650652033911.0967,701392881688.511,613838940660.051,2.670769577647576,0.362886179940614,3.1695977383979965,79.11429932716274,78.17826861358235,-4586061982.65248,49202429683.294,-22223186013.3569,-12072068582.9187,1.31083822250366,0.713313668444329,200435188962.77,178212002949.413,3.229,7.939,4.416,4.394,1.49498355388641,1
109,8491672142.81165,148.56753447088,-1.34555351734161,-185294843.927717,2883915633.3602,-2165278705.6036134,7.4000000000474415,11.154496661601977,925914008.202112,-1.11671459674835,5.56805467605591,10192147206.612574,7493636131.497235,3718726216.635423,10.073175944655958,6.00458082322139,4.999984249769256,14.140850079778431,12.929362601168853,169204484.939568,-184887442.928275,1330529691.76055,649515739.347505,-0.512072920799255,2.26242493497438,309891461.599653,1640421153.3602,6.63,6.42,7.32,6.9,-1.79593408107758,3
110,424075099664.084,113.265649996346,-0.471759527921677,38256392431.4939,334995615748.11865,50852391002.38518,2.114557796282781,16.169357956759754,87957538497.49318,0.260645478963852,3.02221417427063,488262154576.4269,544645391546.0628,303921452758.2688,0.0225746755694586,0.706728601314221,-0.8466539557355475,54.93423039695154,54.22688329552494,4012581.5008144,28344453607.241,-19973276805.5111,7182229441.64451,-0.49142050743103,0.252691237274251,31090564023.0978,11117287217.5867,1.488,0.548,0.998,0.716,-0.846735775470734,1
111,6515480812.71934,113.296929295442,-0.747289180755615,-55443572.9474839,1923725573.755382,-596247539.7266513,4.922833213606936,13.245602409329782,926219149.255008,-0.972789764404297,4.20166826248169,7588901559.015413,6300146128.162981,2497206857.502064,-1.3597340753011338,0.67465277007806,1.7585600036236144,11.620932550196486,44.37355689328109,289948466.880417,239416902.642888,22122813.3767981,518037710.799203,-0.908243715763092,2.41162991553907,236465942.580514,258588755.957312,14.564,1.339,4.038,2.056,-0.730480670928955,2
112,18445359299.5467,143.17157812644,-0.256702780723572,1020143949.47697,10184163545.117989,3427535409.927451,0.3612508898706039,16.07278610266293,117298041781.63626,0.0881585031747818,3.59864854812622,701239201551.8392,22895190591.29177,9185828698.44326,-3.0920747661312618,1.00054293027237,-2.9348101372341238,76.70574481299809,72.48840917356911,10339904.8256858,-71384600.926243,-607050397.284976,21809102.8022376,0.081537127494812,1.00812051332522,1225402000.43603,618351603.151048,2.353,4.184,3.142,3.523,0.597126185894012,2
113,629381111739.29,234.437126307922,-0.325625747442245,10796000000.0,255748000000.0,22488784238.62305,0.8185259362082604,15.270948061633096,116212822879.9685,-0.0203610323369503,4.45403003692627,738517147956.2532,685243979214.0004,245815000000.0,-2.6374984531610863,15.1768215720022,-2.258123730491448,64.30778337748087,52.616692897858286,34000000.0,5151000000.0,-11846000000.0,863000000.0,-1.37813580036163,1.42969688109789,18177000000.0,6331000000.0,13.5,13.101,15.628,13.73,-0.834239602088928,2
114,26867153493.5898,176.049367040563,-1.17657923698425,-2632490900.39494,6229787262.151469,-1817933676.4055011,6.438745032764388,8.774561312127739,3101645541.553761,-0.648771643638611,2.30828070640564,37284876562.75279,32719686273.678314,10709407370.99176,9.038936316942454,2.867588034469,7.701220740047916,52.27981418854003,33.28742008691844,87175990.3944719,-1773935839.13829,-856182347.909781,1847129208.44533,-0.694264531135559,3.39509056427404,914150370.151161,57968022.2413792,6.979,2.687,6.304,2.563,-0.645076036453247,3
115,135932035529.804,281.658595641646,-0.800242602825165,-4124000000.0,76851000000.0,-12384279576.681343,3.199503863541338,18.7805334308224,28900057181.904423,-0.334168434143066,5.44129991531372,166267327086.2583,132387309881.00136,87438000000.0,2.3255813953488484,7.88671745611133,0.8619598552582488,49.20819199112314,53.16698603472862,38000000.0,-2892000000.0,1924000000.0,6463000000.0,-1.42832672595978,-0.530994160113763,11371000000.0,13295000000.0,7.063,9.947,9.164,8.194,0.0231677908450365,3
116,379679863257.963,114.524660532343,1.07211112976074,3061925515.314805,231776996367.20966,108446482722.94078,1.1083481389309924,12.255142829981924,51225237413.20627,1.38031601905823,3.86020994186401,308769076786.9299,544645391546.0628,228088824770.9055,-0.841637656288583,-1.93108114782155,3.972996488180741,40.34455160313411,45.42719655589293,-134280409.56886965,-206323683.66782516,32645641.267735798,-626205219.1325307,0.667445123195648,0.779087177439076,39999748749.78663,40032412264.19159,3.33,1.226,3.394,2.331,-1.13980984687805,1
117,2397401605824.53,119.622711300166,1.74877238273621,-76564527687.8271,1193777959359.509,-39793470661.30173,1.6416109962887615,19.09610948641425,544507834114.2554,1.44990789890289,5.24871015548706,2891200635569.11,2547348849965.523,1236295225782.947,1.3878219135566354,1.73810460086513,0.4945101923623127,80.76871057343436,75.85873914462681,-1689172144.8505,-98765793746.0904,-2687628679.38759,-34047261264.3905,0.527470409870148,0.564131113399897,294312544736.943,291624916057.555,2.48,6.518,4.002,3.737,1.26276564598083,1
118,18261844597577.2,117.244195476228,1.18073284626007,-441748000000.0,3685589000000.0,-578504000000.0,2.294439077693113,14.10091842028122,3014914000000.0,1.45355904102325,4.98727989196777,22099898000000.0,20589955924000.0,3997582000000.0,2.286840823691904,1.81221007526021,1.5661128345615367,61.1725723979965,50.67654104735031,-6455000000.0,-558354000000.0,247401000000.0,-129755000000.0,0.117876663804054,0.455381285963537,891908000000.0,1139309000000.0,2.38,5.396,4.84,3.669,0.905322194099426,1
119,54062376813.4075,202.921983386144,1.19540309906006,769921830.882742,18802167553.97802,3762309003.946207,0.7444316449776665,13.835809997370385,7980540587.755856,0.643163442611694,4.64130020141602,58286276614.55877,55201733015.178535,18103926530.663746,-0.8424921915796375,7.88198870879619,-3.815014069961265,19.37454188901236,28.39028414937508,-373305771.969166,153945632.357155,-3025816092.94422,71680807.5684107,1.02817916870117,0.0398806735871464,4600062021.31004,1574245928.36582,3.006,10.407,6.223,8.734,1.22519993782043,1
120,48564113123.503,283.758541881172,-1.04689145088196,-3371224441.875,19982988340.59628,-9598533403.683182,5.981561941973169,16.151976546779515,9736977380.07166,-0.600062251091003,6.29534673690796,70834983867.1576,55161430542.49069,28808762584.724854,8.347789786717314,14.5257359560686,6.621307324511491,4.582963284597959,32.712892228798104,253996602.35,-5061993593.4448,736218151.622629,5454549802.25359,-0.296665459871292,1.87647016682647,2221036195.92045,2957254347.54308,1.509,8.354619834710745,6.222,8.98,-1.65237808227539,2
121,354707430098.717,2740.27398467096,-1.52759885787964,-3870000000.0,29291000000.0,-70922056745.48868,-3.894386474506618,14.603353775764033,70440637790.01305,-1.72234714031219,6.87468004226685,553281375513.1918,429744677604.1501,33335000000.0,-5.84251265566364,254.948534781816,-7.224502916394186,38.43868833881753,31.465157912267617,-3980000000.0,-6664000000.0,-6918000000.0,174000000.0,-1.53918147087097,-2.90499574537726,7525000000.0,607000000.0,5.76,3.943,5.744,7.53,-1.43031644821167,3
122,270987124646.919,163.516947912918,-0.545818030834198,13101247000.0,283063000000.0,18761100479.875504,7.359262701050056,9.578836311778268,32028301944.31037,0.0279832296073437,3.08499836921692,328971514465.9876,304460938808.17664,279202753000.0,8.209367316933381,2.7958236745225,9.594826166388556,67.31085769322704,52.02356268106484,-134280409.56886965,3880000000.0,-15283000000.0,9241000000.0,0.0389102399349213,0.904491214904611,17520000000.0,2237000000.0,2.531,1.269,2.301,1.681,-1.40533208847046,2
123,18571141529.424,212.308758955396,-0.673917531967163,140712285.049613,8303036759.355654,112156710.6283941,1.44130602603785,17.684248625959484,4121962761.830877,-0.741947412490845,4.41824007034302,23121062839.410397,21538727649.34057,8484775025.898504,-3.2681769785527592,9.15031644316279,2.4266012176394725,55.622557704770415,36.279961985183895,96570245.1793123,135753128.050142,-403908054.20031,322450551.59246,-0.117029570043087,3.00761810683645,449064642.666844,45156588.4665341,8.319,4.792,10.359,5.539,-0.309619903564453,3
124,14797555219.3842,123.448662047404,-0.576535522937775,-1369694859.41271,6080531352.111841,-2402634867.6584234,8.908527818311825,11.908412634206034,2135245681.9938176,-0.0353600680828094,3.09042119979858,20328391386.205566,15593915106.25966,8723882621.877363,13.799007719854558,2.04147163139549,11.139140707617544,76.48200098424256,63.64430251182156,423398715.137087,-738256754.050508,-251172109.056996,1273644975.09524,0.196294024586678,-0.926918061639398,720038121.521644,468866365.191921,12.296,8.687,14.259,11.466,0.0859144106507301,3
125,42541367192.0476,583.677970030201,-0.651610195636749,8399451648.83264,34029794548.2374,13983404120.111967,1.1992105214515334,7.345796521510571,4885331525.375896,-1.12807631492615,2.2971088886261,52521725869.13104,65706889670.46587,24983956644.192177,-8.338016831213395,25.7542656453085,0.8180829124920734,22.70622499480141,64.68516091780978,1960103.02642138,6288278014.50982,-5783950696.51198,-646386255.212591,-0.709369480609894,3.16602986153025,6138745112.56938,354794416.057396,17.111,12.263,29.437,15.799,-0.854894280433655,3
126,411983137959.54,187.34302296608638,-0.422272920608521,6644503789.24864,89964180802.67702,14945195610.746992,10.71800993370951,15.738490996146668,76788502390.05397,-0.389672070741653,4.6476001739502,472220964877.8194,408226627239.105,84722417657.23361,15.459069687144648,8.16983379989119,15.71426594825418,37.12367843360133,36.138645558467296,252881293.207825,4409515100.5328,-9851708086.96019,1402740643.80535,0.0004682792350649,0.947490959333989,12330181331.2633,2478473244.30312,3.426,10.395,10.645,8.736,0.611695528030396,3
127,2662868129.82011,109.534355432857,0.801610887050629,79257066.7080489,2268562458.0065694,-54636811.89036875,27.63935696885017,21.84867589908371,678004636.8915865,1.08404016494751,5.49105978012085,3157820913.4039164,3046950279.329609,2108922688.739612,5.466975608009688,4.25746204335428,6.700337818821968,67.37165442265791,84.04892910838842,16356291.8906507,85106143.0470593,-93947913.5636326,-80382702.5589125,1.4315470457077,-0.0450446230906329,161534663.741422,67586750.1777893,7.086268292682926,9.284049586776858,8.79667213114754,8.9,1.01864099502563,2
128,1174103054110.46,124.271592091571,1.7076461315155,49877857681.7897,440807744875.1629,66278867560.9332,2.1118308892515074,22.386795736131106,349017702476.8839,1.47399628162384,5.55604839324951,1492753396040.9563,1456676734815.12,388659051242.0304,-0.8100673858460112,2.86391042204994,1.422040383627902,47.00397815959639,52.66322674179803,-492116952.297692,43942971272.9814,-38260131991.9384,-2270800601.68387,0.835315883159637,0.14089508329287,89040723518.2774,50780626875.9979,3.526,8.402,4.526,5.116,1.35839426517487,1
129,387622418852.71,123.00084356117,1.24299263954163,7769696381.09685,312884801132.39526,4403365829.224735,4.237866732532567,21.78489059682004,104413970410.07584,1.53002023696899,4.98649978637695,475638944733.24817,428680807268.0939,301922909305.84424,8.281572080959208,2.7666666666667,12.670196258866014,88.16957694328195,87.98279413217821,-5760437.15727481,4532366775.39676,7401252748.84567,-3188544633.0447,0.899418652057648,0.435671684056384,37691468148.1962,45093926741.4863,4.138,14.347,6.045,6.459,1.38676011562347,1
130,40200481168.1358,171.943182758333,-0.847372114658356,8202978327.4647,27309723938.7647,9150705882.352942,5.616451028530278,13.86744231957701,7602882352.941176,0.213416561484337,3.7020800113678,45674705882.352936,50366823529.411766,19566226611.3,2.112130914225702,6.65029912708779,19.51027022149448,55.955469170593375,36.07348757930875,-4166000.0,8133835000.0,-1318616000.0,459481000.0,-0.83781635761261,0.441197735816311,3134476000.0,1815860000.0,5.46,13.06,5.49,6.04,-1.52770555019379,2
131,9868277248.65157,119.641038306055,1.15245354175568,-2433986829.6493,3361989615.10148,-1174500000.0,16.984490475694813,14.111350150942089,1626700000.0,0.419716477394104,3.57300591468811,12441300000.0,10353900000.0,5713532101.490776,-14.830999732453392,2.90491262928478,-8.729641693811075,72.94966813374799,84.56529948168333,53921050.0,-1443227376.20109,-734221368.066666,-82444343.2600017,0.850836753845215,0.352416997336031,766380368.066666,32159000.0,7.24,5.87,8.79667213114754,10.0,0.904381930828094,2
132,25399568221.4368,115.315875502436,0.144544184207916,2602393617.02127,38232712765.95745,7657180851.063829,2.6697087144823115,15.808959732043371,6211130053.191489,0.683325052261353,2.22052526473999,31646226063.82979,38224993882.97872,33103457446.80855,0.4878370783217178,-0.60631938514085,0.7180280911161248,72.91817953598627,74.36439254757362,564095744.680851,1673670212.76596,-2527925531.91489,-2526861702.12766,-0.524779736995697,-0.966024840061971,5107712765.95745,2579787234.04255,2.46,1.5,1.54,1.2,-1.49894762039185,3
133,430454772495.358,200.437039174984,-0.98586094379425,-15775415833.0742,49625878882.33262,-26634482238.32709,6.938679124424453,5.882748687830733,24487812092.199028,-0.65562778711319,1.83117997646332,439895824161.6898,400656784302.9549,88070789359.3273,10.287103784160196,5.54565430773478,11.585138792629865,73.89576950799675,33.3032992897841,273432753.398894,-15550501968.6602,-2436704213.80949,22669494643.9204,-1.03663277626038,1.14931847631384,2772083052.70661,335378838.89712,10.736,3.454,8.483,4.372,-0.774542570114136,2
134,4164575078.91452,134.091174070188,1.2134006023407,-296395806.963393,2301068745.291685,-465500000.0,-0.7828416906417175,12.760252686315532,628200000.0,0.498197883367538,4.97599983215332,5340750000.0,4155000000.0,2539069266.3202,-6.319734264543058,4.10028964518461,-2.6050788091068284,40.45158745000733,86.7252258843707,-3726502.62,-432601845.269809,-253071776.573755,-58395285.9348825,1.11841666698456,0.180461453548187,326200106.325,73128329.751245,4.166,9.433,9.791,8.413,1.12188565731049,3
135,54066826262.9851,587.301149813957,-0.258149892091751,2157306620.31,50375221076.81,3936305356.140506,2.4388660814253456,16.816015468201424,11716348094.970802,-0.804550170898438,4.60641002655029,64147242163.72714,60997567628.78273,48929620144.63,3.0765648045126426,9.460283896231,5.794243676766158,24.051957607785344,25.163192507090177,8304824.66,2061374484.38,-2524952786.6,711705688.13,-0.754245221614838,-0.82823272086807,3464796803.53,939844016.93,2.24,11.071,4.6,3.9,-1.58077239990234,3
136,483642703341.618,120.856958300438,1.45552504062653,8232713514.5739,601332132163.9966,10598772466.666496,6.850995622812079,23.712439676679605,142452199796.50934,1.08703339099884,6.23423337936401,590150040134.8743,535804896997.2782,583953148488.0238,3.557317076146987,2.44024851144084,3.3035007958520453,86.80703343050118,82.77864446270435,1013712001.65944,10618127624.6749,6433093060.96676,-9149824379.22076,0.662566304206848,0.411601996532257,67153066626.4068,73586159687.3736,3.575,13.893,6.972,6.264,1.271479845047,1
137,1929542245.60458,109.728123082434,-0.330022901296616,-157868365.156558,1049258630.4159389,-92759965.04551028,17.862447839374184,16.65627164363205,403843828.0813295,-0.526224076747894,5.85649013519287,2369312071.59438,2082848327.765835,1333646053.1942663,18.526239271102284,3.23563659237071,13.702905545728967,78.76459059945905,53.55670468525864,241438500.0,124439812.721978,-77930015.7311575,126519057.621768,0.272381901741028,1.28562992065572,84196475.3924764,6266459.66131894,7.019,9.937,10.102,10.157,0.542922258377075,3
138,15737769728.0295,116.04419147224,-0.170943543314934,-734659106.551426,4456768035.109068,-1099683505.621487,7.155451645757395,10.075964534303033,1782198674.314031,-0.237670883536339,3.19318079948425,18787307040.28797,16074746479.86865,5417801635.9556055,9.116355906326817,1.73353962694054,5.037963084692848,22.71810998848345,37.228881360351295,259356558.444701,-470167351.656492,-189305379.792747,226374494.295112,-0.396347790956497,2.75970517933377,492382311.534865,303076931.742118,2.263,0.829,2.004,1.473,-0.242977663874626,3
139,614271642642.5414,187.34302296608638,1.2798718214035,962257799.431355,3275281180.63025,1852700000.0,3.013816438578189,12.606633741160625,898500000.0,1.47174787521362,1.88491690158844,5274500000.0,7001356000.0,2106886907.604073,0.1026429869948231,8.16983379989119,-6.271284689515255,55.42118695573848,93.40860930270551,417264845.36171037,869175667.605,1957709314.12552,-206136473.594821,1.00239610671997,-0.202104144558527,181999272.206173,2139708586.33169,4.37,12.0,5.63,8.94,1.00476729869843,1
140,31712478522.0832,150.816761737338,-0.883186757564545,871196352.433695,11498407136.951324,-1361970723.78353,6.111372724585735,19.33698456590346,7813323582.17848,-0.762389004230499,8.43710994720459,41768082418.96243,34570986678.12764,11829655603.857698,9.56148739913428,0.737383721452275,3.9093852675557343,36.30489692086837,29.48802514310844,3442684.4978169,-587177136.806649,-1029425802.94658,1202444819.34006,-0.278813034296036,1.19348671867883,1103678793.6272,74252990.6806244,8.208,3.343,6.782,5.089,-0.114208891987801,3
141,19531593962.1873,105.799283333333,-0.665344417095184,-418984246.889286,10778392908.171204,-2781147988.0938997,7.391652625559473,19.43161783440272,4595493727.042597,-1.07374393939972,4.465157510804349,26853071408.787827,19786236866.58128,13761381288.51014,9.097775013869123,2.05267452001727,14.200342508807168,77.37218592465163,65.6521039857283,198330697.143198,-102796658.798546,-302485223.696936,2564004133.44965,-0.421767115592957,-1.44065259604193,1023333529.12994,720848305.433005,11.992,16.737,15.621,14.897,-0.316597819328308,3
142,13101223231.0675,163.633196988276,0.665826141834259,-250118203.77303,8094627349.410099,-925067450.5522482,11.870358315142497,31.552596747726984,5912030975.514422,0.323804676532745,8.05833625793457,19146712047.14465,17814232090.794357,9599468119.616728,19.327235732337428,7.24097765588442,8.074373700343003,57.3684777623148,23.22661145446434,1.7167152890659002e-10,210509650.656292,-180210455.023558,1254722566.4336,1.04125964641571,1.6367427551677,347196796.037638,166986341.014079,14.207,27.22,29.354,23.106,0.451135843992233,2
143,1210328882715.66,187.117425058296,-0.498797684907913,-46357789404.9,346595744088.06,15538227451.018194,4.988849700660182,18.617816022449052,307123742042.90704,-0.492295622825623,5.77150011062622,1634084680375.0776,1408658025163.498,396160332875.4,4.7798192220619455,8.30165975585673,4.477309609213336,41.85880078528456,49.05026244650351,225282905.58,-50167884370.85,-58970964729.96,3206799382.44,-0.419696539640427,0.528590452919416,90073089172.32,31102124442.36,7.523,16.28,15.041,13.159,0.255604922771454,2
144,69565093347.5882,120.168304321485,-0.257637172937393,-1515830000.0,54200320000.0,1535871076.978896,7.6617480742932,18.95027952232668,15926097841.204573,-0.172955214977264,4.49264764785767,82505621938.68295,73516574953.13539,56702490000.0,0.9927637799066956,3.29774435299515,6.700337818821968,73.62985740182324,68.03864670862167,595280000.0,3603660000.0,-3944780000.0,986350000.0,0.364647597074509,-0.814846471528947,6654620000.0,2709840000.0,1.968,15.581,4.915,5.267,0.284617066383362,2
145,14738025607.9887,114.434519867232,-0.08303402364254,77255403.997201,6567048157.423246,625117427.273072,6.937860517372016,20.286236129365943,3984758191.059494,-0.763961493968964,5.22401523590088,19017551452.49629,17820843850.52279,7091601572.49995,6.9595084907172975,3.65353287214209,2.835623441351757,84.32159726394165,40.50517507585968,425081052.419558,460116185.169901,-923338882.912024,601808819.07392,-1.64286971092224,2.65037591522147,1256549846.49865,333210963.586626,11.085,6.447,8.711,4.695,-0.118603125214577,3
146,1658457518.59295,113.241195084123,1.01694858074188,-249511325.234371,486627192.7907942,-587553503.0260006,5.615082627176008,25.77024757521187,514855112.0312568,-0.001368927070871,6.03750085830688,2585419882.8699474,1730991708.1332238,1167356610.9654362,13.181631476521602,1.86215297494647,10.056177137170422,93.45772001564198,80.88201122770674,28793632.5077237,-199451449.952437,-28617357.232547,431218092.940271,0.894233107566834,0.90298888332359,49896833.9839761,21279476.7514292,7.13,10.42,13.63,11.29,0.928584516048431,3
147,37065481265.8915,124.302010149148,-1.11718237400055,-1794494946.5145,7586362717.995665,-1671402578.405604,3.338857471795052,12.048165536205431,5420893983.908104,-0.90432471036911,2.82764077186584,46664924352.47158,41569511010.36926,9898147103.514715,3.978256567411492,2.2718576250357,6.378724343410184,52.60336311949119,42.1324851688885,120650203.094791,-1797466318.40881,-733229947.990012,517289439.004545,-1.39403569698334,2.63581940586039,873068636.969739,139838688.979725,13.297,2.576,7.448,6.14,-1.16166627407074,3
148,1605547834422.99,121.587006296508,1.61652982234955,-5448166897.97545,736678997343.202,171468187.69475812,5.286956891058892,21.44233714443037,430448953230.19446,1.56352460384369,4.59400606155396,2006961764533.34,1876969737625.808,733615959427.96,5.627889683367116,3.39519318527528,5.910893574199804,89.29160464725845,69.76294767905112,-29927033.5693743,-1832839320.58605,-262033042.76089,-4308340671.94603,0.962195992469788,0.575421916470359,113977168047.724,117917999146.155,5.944,14.532,9.976,7.527,1.44578230381012,1
149,216294036018.233,142.081272844549,0.956733345985413,-23193387842.4119,110938822309.6716,-2413264204.2088585,11.737431066274851,14.656104711095002,46398465667.493126,0.592204332351685,5.62514019012451,318994419860.9817,283045486981.9919,131305013869.75352,3.96394147502879,4.52456838259121,8.102990017263977,43.42714458101146,41.253901285637774,2055744.13,-24752428006.7168,-18518126965.4198,-2827196282.33005,0.161352157592773,0.994344898418259,28710023522.4985,10191896557.0786,7.916,9.584,10.027,9.325,0.958194434642792,1
150,12732916907122.6,129.366216637457,0.030393473803997,352885754634.63,3882547012607.56,460829383739.2764,8.448469416281412,15.808138404106614,2817082903407.131,0.809331774711609,3.29784345626831,17296894894770.1,587112763686.3466,3545528848326.18,8.674305135600434,0.981015135544882,6.700337818821968,68.86799376833127,63.567027157252,93691732.16,218513801413.855,-124476128477.97,15867590353.25,-0.51672887802124,0.0892522000412526,451791663045.36,327315534567.39,3.843,3.137,8.603,5.11,-1.64286768436432,1
151,262457593210.728,149.559763199866,-0.365435123443604,-17950892688.9553,56839323438.57805,-24171767644.248413,11.01619326697785,16.046976905648734,51111517166.45927,-0.0466581918299198,5.26550006866455,342683581221.218,288315866152.77905,85564751222.0459,8.88504691596168,3.49505757399448,14.67029028150779,59.98843235751431,49.02769392317629,417264845.36171037,-16693127238.7311,-8723253823.2087,10774535094.5125,-0.954557538032532,1.14382091580962,14655531202.1711,5932277378.96235,15.31,10.687,16.385,13.898,0.094382107257843,2
152,32501996856.1982,133.850926577035,-1.56906878948212,-587406970.435521,22504383858.135223,160644982.56456637,6.200154010759462,8.261796257510408,4571126519.947743,-1.75555169582367,2.660484790802,55167837800.97478,53483112894.03075,24333422037.57814,7.777680135593783,2.88585107289988,4.111822660884769,18.18923029764545,27.435102139031777,171311437.802171,-851573152.093241,-1989748451.36282,1241631209.00743,-1.65781247615814,3.22252815991252,2140184147.51514,150435696.152326,5.496,1.635,7.492,1.466,-1.18584728240967,3
153,6299969558.00895,129.158575405592,-1.39148437976837,1440630928.30853,4696801136.255896,2983961946.3329306,1.0150709660773174,14.87051114029742,2204658680.323878,-1.32001793384552,3.67454195022583,11841746862.748634,14024136350.96388,3368240340.811024,-3.307226449034985,1.7156427545126,0.6990978297465062,23.94363379147129,42.95114438639238,23685426.4925769,1399075018.65725,-62758648.954108,112070132.863652,-0.229479312896729,2.31648825280279,89619969.2065638,26861320.2524559,25.768,18.941,30.245,10.0,-1.23674309253693,3
154,56532369847.645,132.020379357515,0.470483005046844,-1604511702.16627,24308451924.303936,1020579611.3201684,7.935762247038653,16.530797977908556,10738526336.109837,0.224117517471313,6.28171014785767,63940146122.915794,59797596426.81266,26463041043.26824,12.13210929723516,1.72647755109241,18.043766480166184,74.92324497954002,59.209230325878,18819792.5197373,-1100926091.4133,-4250921813.7095,550077416.798128,0.860289990901947,0.600406861056438,4522907381.56904,271985567.859537,7.503,16.15,21.012,15.139,1.08112514019012,3
155,56452688748.266,112.795275590551,0.0379615686833858,2082110408.73526,39428572161.49894,-1897075657.661076,13.784946641796395,23.138656154285385,15984469813.546331,0.553089022636414,5.20366954803467,70978312298.90799,57124136832.97266,39846597151.44736,12.473535708002204,2.55450699642041,11.87280330059042,76.24243987292758,79.77947278629325,1614512819.3217,2568455574.20241,605249805.100532,2499823036.58876,0.621482789516449,-4.25664890192098,3516058799.63916,4120996242.64474,4.904,10.498,8.45,7.608,0.601966202259064,2
156,614271642642.5414,115.533202128435,0.15249255082259577,-507017775.670391,1519536932.0614522,-876648044.6927375,4.183711930535438,14.478287356985986,441061452.5139665,0.2511620819682209,7.01665163040161,3922960893.8547487,2363078919.0097933,2009417026.480445,5.466975608009688,2.62220783425059,6.700337818821968,58.96694716820162,76.11843983403574,-33366.7821229048,-539214693.882681,56589982.7430168,-17137681.2513966,0.011913721052157464,-1.6777912474095,90125657.1396648,146715639.882682,10.58,25.41,22.53,19.07,0.12718130216547624,2
157,22227522576.099,104.348039621067,0.369634807109833,-1811809640.70735,59810604840.439,1167102309.4191089,9.911308208072228,19.00100410668804,5602050398.938373,0.699314296245575,5.61941576004028,28315815369.476307,26086496178.56543,61251127796.4677,0.2611372249369026,2.44608867175504,-0.7939012522325868,53.63557024708548,74.93336477898465,94233431.4973358,-2033040886.97571,-2579951638.92194,-371286684.678643,0.422054201364517,0.535999429698235,36087585052.0428,33507633413.1209,6.306,7.892,8.81,7.513,0.856516122817993,2
158,208474258824.519,124.771546317864,0.615592837333679,-7686437473.08186,218528399092.1863,8345124510.836542,3.55302130899085,21.447760634516214,60437906034.48929,1.07069706916809,5.05326414108276,273446093996.26303,256057077397.38095,224831735133.2635,3.288639572455992,3.83984491500146,5.064736602056286,90.43314047941496,81.6940128476635,4771413196.6321,-1763323079.50978,-14414178487.2581,-1383054024.98352,0.947398126125336,-1.81187141002542,27316973080.4315,12902794593.1733,1.359,12.861,2.686,2.803,1.00888025760651,1
159,344354581495.784,112.864922774752,2.33375263214111,36939972059.7282,275944409428.0183,27155455414.858128,6.844521901834426,24.003675243767773,97380029747.54031,1.96179676055908,6.03974866867065,378532543596.8886,353269186804.0692,232847129113.4593,10.768038604222951,1.8530454398968,14.839189972104492,84.89933750761955,84.39647900383075,372089732.186654,42626565861.1271,15953353638.0999,-6157466681.36084,0.928524494171143,0.433414489409722,22130702079.1323,38083743438.3013,3.995,8.46,4.46,5.043,1.545294880867,1
160,81914377873.2875,148.476613026712,-0.590034484863281,-2685300000.0,21180300000.0,-8698162038.675337,12.271990234789598,11.465112312540963,10805114631.019873,-0.0019536262843757,3.74731349945068,102941587978.7876,87606406014.40898,33979900000.0,15.89294818917388,8.24300347981809,12.93059611286877,74.79703935318065,60.68051406206053,400000.0,-3094100000.0,-4710500000.0,10114300000.0,0.287300646305084,1.06892666709415,5290100000.0,579600000.0,8.054,5.952,10.623,7.702,0.29545733332634,2
161,78171039766.9199,123.886850743312,-0.594089090824127,3097187450.59782,29126110723.964264,1051807000.0,4.23525124172572,15.280195613908525,16222352000.0,-0.240734726190567,3.6913800239563,105114059000.0,99793443000.0,29886546664.74628,0.4870510294609858,0.133251386096389,4.203598246305091,62.701572781354685,56.52550195642911,-223607241.213732,3043904437.48478,-1670054374.58002,3857623391.37985,-0.257427930831909,1.18206337539033,1758873950.56688,88819575.9868608,6.34,2.649,6.807,4.552,0.100769482553005,3
162,353377027800.611,318.936481308266,-0.70553195476532,-18610768181.5,59283561818.5,-37093690248.56596,3.2906460120221084,7.558043553301016,32096876991.71447,-0.457345426082611,3.93084812164307,461765455704.2703,403870804638.40094,109051630000.0,-1.167652146958858,5.21404940513043,-5.8923813412365575,58.14185214948774,54.95533704459815,-154900000.0,-25407848000.0,-14068563181.5,31157300000.0,-1.03284096717834,1.65838367949689,15012830000.0,944266818.5,15.277,4.885,7.039,7.441,-1.50708985328674,3
163,23213085149.6738,114.656913864202,-0.553035497665405,-1271960897.31974,8537417292.656977,-7128780000.0,11.175337082556624,19.41252728238268,5717230000.0,-0.340914160013199,3.52807998657227,36580030000.0,26247280000.0,17231702042.10668,11.098783407329194,3.46692585313154,14.27038491585617,47.86499243946796,42.95491511058051,269584370.38,-1335484040.70047,-1565506580.23101,7422323852.13,-0.0915462896227837,0.340068122361035,1773019832.11028,207513251.879267,6.081,3.623,6.169,4.327,-0.0597929991781712,3
164,29895880046.2221,127.257572871023,1.50684297084808,-1002334986.28818,31883842880.75642,-135653217.12402883,8.013462924008422,19.80539745808805,7365858275.697556,1.34501802921295,5.91065263748169,36558830603.56143,32603765930.50723,32860173948.48661,7.131722553032986,4.65316673847473,6.792231479367501,84.44803551949404,82.06948243007966,3231853597.26511,2129224972.23342,-561321390.876985,-26003918.5579324,0.74846613407135,0.105996956310127,2923551906.72901,2362230515.85202,3.445,14.234,6.854,6.178,1.18000292778015,1
165,96072352511.7058,492.356913864236,-0.422970861196518,-4507268339.97869,9502834017.380672,-10053138596.81062,5.641530717346569,8.835824526655461,9830904743.259306,-0.648736000061035,4.06524896621704,121366286403.11186,105572795228.28848,21409548318.92875,7.266068923399999,26.8395221557722,5.099748898122641,49.29227506249691,44.79477988185012,13796891.8336844,-4682605093.19838,-543313635.316108,7399445961.56938,-2.18371319770813,2.60431928274974,550321790.81145,7008155.49534227,5.483,3.197,7.939,3.935,-1.07255017757416,3
166,3467195322.36016,129.064651874522,0.443210333585739,-686576959.090778,1232931378.7840152,-1171767280.8266845,-4.881036055783881,25.07458883813244,1079468980.7791822,0.654334425926209,5.97475910186768,5468003399.926496,3668636211.490042,2655894621.349246,-6.682347705944622,0.155855722131516,-1.7234511365764291,67.82750378571994,65.34677178092831,3186700.60321173,-297610475.28797,-250462368.233831,736386283.474458,0.724108815193176,0.45397664568484,312174116.820986,61711748.5871551,5.022,2.575,5.545,4.32,-0.16624815762043,2
167,246110920377.729,115.130462665656,2.23821711540222,1222430601.65948,143587480863.2759,99350186.04651004,2.83817960418034,24.60744263236843,72953787806.20038,1.92068529129028,5.69380855560303,296371066899.2201,256899474531.00363,138881944842.56842,-0.0246464186857764,2.19457432340007,0.3087610961018896,79.80021495582703,81.5716477912841,178729660.24531,-1381333209.09092,4666043103.60747,-3485419516.52236,0.963134944438934,0.207288594407348,22161963724.2424,26825657457.6479,4.628,16.381,7.976,7.606,1.60982477664948,1
168,2472706177012.1,112.388921149413,1.28228497505188,9868141919.61126,1162543547863.154,-55704703124.03011,6.435209621049381,24.409839983565924,722374020003.8644,1.23061394691467,5.2450270652771,3015060522294.5254,2623087373391.4307,1103914676075.592,4.668122713688533,1.64233141038385,3.6793752515583975,81.90341708779373,82.16579490356425,11333815119.0043,5334617791.21189,97076428863.904,-48760847747.7993,0.32552382349968,0.285508618638434,139915929716.5,236992358580.404,5.324,14.452,8.481,7.874,1.10469245910645,1
169,15149562720.8697,154.011208333333,0.661190092563629,-1942563332.49,9134828087.11,-3064043248.7813964,10.465537197705572,13.997460777326904,2607638144.617964,0.618161380290985,3.63758993148804,21693408860.8774,16272586978.794748,13381097749.21,0.5303585676015814,9.56691433824769,4.972233550301169,21.99749262371593,37.3107358099865,38221147.24,-1936926060.28,-1181286307.51,2303706329.61,-0.429646611213684,-0.379636607027231,2229938205.23,1048651897.72,12.308,12.86,11.312,11.734,0.0104059325531125,2
170,3575973916047.79,116.484275880086,1.78317177295685,329969047797.258,2323284780787.45,230951334868.21332,3.1638199419457465,22.0277820011334,942459519643.3958,1.29082775115967,4.53096389770508,4047552599821.6406,3875103148910.791,1923596587960.9,5.415726947111182,3.06666666666673,9.39142647822348,79.97673646746097,80.82266405155326,-1473775863.78051,294682274844.731,163083167348.774,-69720350873.7376,0.725666701793671,0.0423270572552137,138899584111.11,301981545615.44,2.438,7.805,3.141,3.638,1.42001807689667,1
171,59884261177.4651,336.492909542398,-0.128527134656906,-2541423147.15389,24620250210.89552,-2065719999.311022,5.076466435335419,8.00565308777829,6366449334.274937,-0.176314115524292,3.41949439048767,81590141877.80974,74263482973.62936,30516595224.85972,-0.4785225706753522,9.9710886750444,7.822323265562602,52.58760043655556,53.38405600380508,203977249.383449,-2589844866.27745,-3830623635.0169,3354921866.81031,0.0657853037118912,2.00774487031161,4549711166.41192,719087531.395018,4.472,2.803,6.803,3.369,0.462129205465317,3
172,182451850458.878,101.909213734394,0.183452636003494,-13857822380.6524,95729988590.34271,-16684682188.941591,8.379943783580828,21.86155727624868,46929725677.425606,0.406721621751785,4.05622720718384,231352489630.1436,187061987452.1598,111023334744.30257,12.484628883405364,1.22382501019854,14.431857503335394,70.31935342067534,62.05620920534265,4707445331.01722,-7804287635.35342,717973191.743257,1435523773.30729,0.101313188672066,-1.21680248998544,7490942006.48957,8208915198.23283,10.943,16.253,16.986,14.657,0.945831060409546,2
173,73724408675.9154,153.80123012521,-1.19213712215424,1890468140.0,16265374410.0,-12105365440.678694,8.002408036391202,11.312888332615564,9735089240.41566,-0.782320499420166,3.10634994506836,98158448916.70808,80746410472.29593,30489775160.0,8.577762565877393,4.26105127422813,8.122829487791279,53.30906630586281,52.36857528322534,2311460.0,1404865080.0,-2127323070.0,16114868890.0,-0.395547091960907,1.4803168061015,3146685420.0,1019362350.0,2.594,2.83,4.084,2.174,-0.464397668838501,2
174,24740496571.4959,162.529327177779,-1.09101843833923,-1527689104.10497,8193375763.425439,-6830426635.18296,12.53409601577387,14.620015264457752,4165055458.389189,-0.818129122257233,5.81050157546997,35319144152.256004,25561282368.42308,17352703498.50921,20.051263257922784,4.48087963413445,19.43392328352043,68.72374290417737,45.05219140080796,66971113.794198,-825828032.000493,-2352372902.40962,7631638630.97883,-0.627824068069458,1.5351396675707,2483803218.24321,131430315.833589,6.581,8.641,9.033,7.94,-0.589030981063843,2
175,27425880736.3175,137.102951115116,1.67969024181366,43658556610.683,968092234817.893,20546621725.93012,6.441723826007944,12.677577449189606,46769026912.98307,1.48980629444122,4.00030994415283,348364766119.4874,353245124273.1436,921987106994.029,1.2629778574543025,1.56875834445885,5.467805624949634,32.53572807083558,42.403635249788685,-1334201264.16373,46723720852.827,25570514000.4793,-2446571213.18043,0.263209611177444,-0.91177674914823,189900230044.166,215470744177.429,4.048,6.121,5.533,5.174,-0.255466371774673,1
176,143700403603.212,132.112676056338,0.0125177456066012,-7290457170.55365,166173413476.3462,353297834.61482465,7.0857208459227365,20.86019353238515,37984335113.767296,0.5976322889328,5.00158405303955,181736743922.6544,154119125049.13852,171511987640.5391,6.660368671636903,5.11096534382855,7.985252442532271,86.6926048058781,80.22132947127513,4566138782.27,-6818928954.00946,-5819065886.58694,-1951883006.36114,0.798463761806488,-0.413751024472153,26453586909.5311,20634521022.9442,1.744,11.0,3.942,4.045,0.397210419178009,2
177,20192232160.1761,138.573742998267,1.760617852211,-758255148.615209,10308873542.510954,-513007777.9661985,4.50773501940634,27.584708433425604,7060565466.574879,1.59525525569916,7.73067569732666,26108947955.42878,22915270743.532314,10786343098.13342,5.964890988645692,4.44423970189739,9.636212835419444,93.66374290693238,80.36396874900142,-18853443.3085584,-89518191.7929766,33103443.3227655,-280785592.99272,1.3721786737442,1.6393166402584,721058128.724218,754161572.046983,4.081,9.959,5.883,6.029,1.36291229724884,1
178,2697069318282.99,192.378724699015,-0.316493511199951,-33422359357.9398,666791748668.2296,-83133636377.79942,9.050277908699414,11.185546962181196,352379050945.0493,0.250856310129166,4.63514137268066,3261391692471.6084,2877552162074.327,778451237133.5771,11.620279943682888,5.13140747176368,11.0531697522041,60.08650715711176,55.06102211939245,-307606463.211721,-33088718914.2242,-37620114037.4454,78237129107.4086,-0.691997945308685,0.797216093898126,61332047066.4471,23711933029.0016,15.781,4.877,9.571,6.38,0.0909888669848442,2
179,882648696180.561,156.484590188327,-0.449074685573578,3510715050.41252,253525236527.4176,31068585637.367783,3.7030553569093314,9.245004720236762,109692485388.70982,0.347363114356995,3.04757928848267,1142875602254.54,1138425823272.687,256278356576.90192,3.417158076127791,1.56012990525673,3.3893258503485413,49.20382710703789,47.7753109640963,80150654.3648958,968565560.8323,-31960622624.4963,6263835099.89739,-0.531467199325562,0.694717688319757,38699306058.7189,6738683434.22257,4.43,2.252,6.704,3.827,0.149607941508293,2
180,160734736216.591,127.574201605207,-1.26872527599335,24565000000.0,78762100000.0,27553600000.0,1.5833933630431003,17.88794977210557,37151768965.51724,-1.31964814662933,3.55150008201599,162425011034.48276,208753043103.44827,53272700000.0,-0.673422706101718,6.04186489058044,19.397698873404863,30.519803673615858,23.85666807555351,-17500000.0,24993300000.0,-2064200000.0,-924400000.0,-2.38455939292908,2.26888921028968,2565800000.0,501600000.0,18.841,14.662,13.4,16.173,-0.963002920150757,3
181,249681049442.11,108.732712881621,1.61967813968658,70908717709.884,834894733125.036,205736215070.95795,15.125219794957175,12.093129551025603,62085132924.61916,1.4654449224472,2.98458051681519,308808957969.4059,483044420078.3721,758776026370.708,23.397378518648267,2.35814296241712,25.21935622219513,88.65071634379203,87.2154749225793,1841097900.57701,67435001705.0497,-130411716348.196,-5209989044.44445,0.843531429767609,0.953878183519474,279491973285.858,149080256937.662,4.236,10.208,7.85,6.194,1.41824901103973,1
182,407604376045.758,109.144430728326,0.829616546630859,19095000000.0,161079500000.0,17585098909.91677,8.611990348469888,22.18077449913585,108358971509.81432,1.25266230106354,7.41640901565552,472124895048.1094,443981066427.2909,151230800000.0,6.046328459475589,1.51020047690539,4.807322811217446,67.63218860029595,69.98310006868269,466200000.0,18723100000.0,-7707600000.0,9246300000.0,-1.1222825050354,1.68190551747412,25282400000.0,17574800000.0,3.457,7.377,5.5,4.812,0.674378514289856,1
183,1755164652452.27,112.541250526224,0.517414450645447,52543138424.4584,785880263335.3542,48121800174.030304,8.313760318011248,19.421519915691025,418603729724.7995,0.326035767793655,4.13088607788086,2107238498823.9973,1936485925436.0156,710746295200.7944,14.824655717421194,1.87378325762481,15.092880924930242,81.52088858219786,72.64094514194502,3011840908.65802,59630116843.4336,27550414336.5802,-22592034557.72,0.550413906574249,-0.515599998844444,67798077115.6565,95346080760.1732,5.049,13.229,9.203,9.497,1.08490908145905,2
184,13302280442.2294,181.00906404486,-0.0529801920056343,149262141.440836,4781138536.067695,-2222393638.3871527,4.6014245042592,13.5821416742441,2150157143.7549624,0.378315657377243,5.63123989105225,18053160209.11376,12094632865.233168,8204488847.365134,2.3801045389222963,5.86278242801064,2.9596187609731714,83.98887076691207,63.36263621506899,-30894185.0378018,29454778.0889547,-418741815.438841,3572612452.73828,0.217914655804634,0.257040921915097,799175600.790665,380433785.351825,2.821,2.921,6.808,5.188,0.620010316371918,3
185,3835811076721.88,105.211812269292,1.53605020046234,197154455955.774,1267936129008.1802,-26206712404.409256,2.55932023865617,21.264871833757592,1070605657157.7178,1.3627552986145,3.31738376617432,5060827496989.393,5004710345659.561,1049216576473.2328,6.77132219962931,-0.233352779398264,9.881426162326662,58.81594843606768,52.26174389721084,-3856264548.97555,153926947006.32,240530467448.393,-21565096579.1746,1.01535642147064,-0.459952415807642,106766980834.32,347297448282.713,2.47,9.284049586776858,3.21,2.828,1.06673097610474,1
186,43544134322.3639,127.719016475095,0.0268349554389715,-3717605633.80282,14639154929.577433,-5553521126.760564,3.655641910303984,16.371807450074375,7285915492.957746,0.195509046316147,3.22043991088867,50056338028.16902,39903530563.38029,24322676056.338,2.6963146596259837,1.34609377243118,2.3205839603566147,55.33486316586338,57.25146474442033,15492957.7464789,-1874971830.98592,-231690140.84507,5965915492.95775,-0.315793395042419,1.98907685592122,1001267605.6338,769577464.788732,27.9,22.862,11.773,19.837,-0.790810167789459,3
187,125621275946.423,217.469647662139,-0.25915989279747,-2671847032.92033,73951142505.69775,16993275535.18076,4.299999997294563,11.270347037712195,22215235233.00247,0.0303977727890015,4.38569402694702,176305215099.52277,185711851282.262,75988343554.5168,5.095183399205624,8.04232062780276,4.699999994765719,56.88762417394992,33.64871627972716,233111185.23,-7262502907.44301,-24165783044.8414,-634645984.101092,-0.231327518820763,1.29950843805955,26391265552.6848,2225482507.84346,4.62,6.7,6.05,4.89,-1.13098561763763,2
188,95240841982.8691,212.469738278737,-0.735883414745331,-5744077673.61328,11886679859.86618,-10027923138.551908,7.590489473334671,12.146861127291404,13325551098.74704,-0.324745863676071,4.59009981155396,118517523896.21796,100617317501.06102,23749299843.16246,7.470948489979264,6.11090916378171,7.307889805295858,43.520093166589135,39.27850128622949,195649770.874563,-5052381426.39593,-1834697577.64297,6118542309.68291,-1.03241419792175,1.94276128252757,1896268945.48596,61571367.842982,8.619,3.731,7.981,5.693,-0.363395392894745,3
189,1452592702572.57,118.669872413341,0.733705759048462,85228200000.0,824548200000.0,64645299272.68782,4.304734819069694,18.15980061518168,330223644931.86206,1.36732113361359,4.8017201423645,1753786720191.0708,1656765840725.618,734659100000.0,5.25713358096975,2.49833333333339,7.0668227993397466,46.53723322286096,56.21686514343145,-155300000.0,78490600000.0,19444900000.0,-4660900000.0,0.62952595949173,-0.176408650734229,35679600000.0,55124500000.0,3.627,3.78,3.574,3.639,0.93204939365387,1
190,129183021129.703,133.68779685455,-0.0562744364142418,34943331016.1713,104839462108.38,11445453886.716885,1.146972338729043,25.221761237261354,34349977108.86628,-0.0731539651751518,3.75997996330261,124746371837.6475,112418048022.25755,51296435304.10669,-12.198485164360063,3.42362947609188,-32.60157422463216,5.482136378510204,62.21964970556916,1521178398.47503,36546030780.2545,25375801829.7008,-18599695788.102,0.26298251748085,-2.5628080932518,2342403361.16719,27718205190.868,5.68,0.67,6.08,2.16,-0.704744577407837,1
191,30602025359.7744,120.949398596532,0.72086238861084,-1578892163.92493,27176909031.45748,-1243069527.8139336,6.731735278246646,21.03691956312124,8297618726.495991,0.834164917469025,5.70073890686035,40686194519.507095,34473447726.37929,29176346016.450264,4.027285495059971,3.27582937431156,10.251248705043563,74.76493505260018,83.53033157373187,537261310.101013,-408621669.69694,-749958552.092333,421749668.68687,0.673323035240173,-0.843294678005026,2495687513.05916,1746933808.58588,4.619,14.244,8.82,7.513,0.896955788135529,1
192,17307089418.3336,612.355015021184,-1.24803817272186,-3404941180.70744,10240883292.47349,-6194124426.201616,-7.001238625141156,2.36013682064937,545945470.0127605,-1.31169736385345,1.66996812820435,29326065929.391747,22740348416.84389,18982248542.36855,-6.854738794581564,154.756096023393,-6.85474529489521,71.04863536305565,61.859782685307486,943376337.442849,-6175843265.30989,-1505368415.13046,5336424069.18763,-1.48194456100464,-1.24903516691702,1599338368.75045,93969953.6199891,14.469,9.544,12.329,11.301,-0.627343535423279,3
193,55896758251.78,125.413564341792,0.824829578399658,766787756.481239,54918253193.12495,3002883028.0619674,6.284710038609205,17.559938756445927,11729851862.740122,1.0187371969223,4.84267044067383,63796050757.70828,59759226795.23935,54455840867.25618,7.087424037088994,4.68354420903453,10.90398623641687,71.0377471358095,78.5572081669904,945733994.230164,1935886361.54471,-2557982791.40763,304375430.612553,0.809718430042267,0.212805429536827,4079036958.51948,1521054167.11185,4.044,16.441,9.287,7.112,1.03086280822754,1
194,49784930446.2352,118.963508963509,1.84118163585663,6819218978.17511,510206019879.836,28503066894.852257,7.168401986977486,17.471945468862586,14953208329.263325,1.67903685569763,4.63915252685547,57081039099.02234,77907558397.08403,503082681787.918,-0.4407631227063149,2.52692009066166,4.590581803238663,91.3465870493616,97.03129931438995,877184841.96639,7696531349.30406,-25798441390.8969,-304119113.743145,1.1939195394516,1.51834936706612,351072702228.617,325274260837.72,3.946,8.086,5.449,5.247,1.49592709541321,1
195,264144293995.078,123.05449091818,0.146786317229271,14493419471.0048,287349473811.2222,27025077866.770287,3.29764100831838,12.714920620048822,47532496479.25141,0.953544080257416,4.27081727981567,346807326294.652,369723855047.7337,270523458801.5734,5.775202620861222,2.47710241465448,9.503390701091648,61.0159230459183,57.39217190693617,-112678813.508744,7050396388.99762,-10154410512.0941,-2332595538.64415,0.0587539859116077,1.11985399101,33668029569.4884,23513619057.3942,4.58,4.54,4.58,4.64,-0.165285885334015,1
196,614271642642.5414,115.887166319179,0.293049514293671,214463105.743397,36679054128.5321,3179267589.4252377,12.297966778842977,19.654853931830424,3555013772.505269,0.853372395038605,5.62880754470825,14907937661.935247,16510787195.438288,36142766261.7558,5.466975608009688,1.49789217934724,3.291369269515272,78.24836950302353,78.77786309958962,177167562.236085,753787968.739426,-2038936729.47622,-321824761.032923,0.887379705905914,0.619810315667809,13184751898.6158,11145815169.1396,1.771,4.753,3.812,3.403,1.07145929336548,1
197,950153268146.986,154.676672089174,-1.02031004428864,-8342887340.99999,543089563847.0,-25612638222.35622,5.837829523018414,11.455392863088584,150358619656.82617,-0.342298775911331,4.62572002410889,1326899088258.2869,1234588870695.578,602784276673.0,6.679599552411403,5.68920847683753,9.30864044975317,93.06672126312051,68.6187408224847,-46875072.0,-1719482525.0,-33944890172.0,51351825485.0,-0.688360929489136,0.559420832085433,43814847350.0,9869957178.0,4.699,3.59,5.048,4.019,-0.0762767419219017,2
198,9347566299.61219,218.130243126627,-0.552942454814911,-2108439815.12517,9241901499.41691,-305782418.25460005,1.636769577366621,14.912736523155528,2279626780.104198,-0.516419470310211,3.34389615058899,15994868110.614342,13740012435.349586,11779460062.35011,-2.2201682113366985,7.35281243380219,-0.8698491481358985,5.93089076667961,28.788120341695237,113983000.273503,-2203843318.56832,-2231828651.5417,429118747.808027,0.705798923969269,1.60937103615911,2523517495.33591,291688843.794211,7.781,5.502,8.843,7.747,0.312444865703583,3
199,5252776808.51927,119.249434576437,-0.0434206426143646,-541201377.194857,2918797457.492528,-1134847529.5637329,13.043464252155232,19.709367046099423,1155250261.126101,-0.0299339517951012,4.465157510804349,6996276217.59286,4757062233.772624,3933241707.4182816,1.3891843653212703,2.41080198403165,9.40810562061634,42.132884825289686,50.67513006092452,-325927.043653963,-208000318.15242,120673546.149946,473242872.730896,-0.0525020584464073,-0.337762721786185,295811150.019192,416484696.169138,12.89,28.826,18.05,16.543,0.168784514069557,3
200,126525657646.188,113.419774613788,-0.420962542295456,-3348692437.5592,48011260339.769554,-13138811839.682863,8.020984370009884,19.00116652428324,26947035784.89988,-0.173474416136742,5.60131072998047,154956608923.151,127218004726.93729,63175418824.192566,7.064871535254696,1.40195883962006,7.80441450369014,75.38320858471107,68.51031804956466,318558.570036253,-2406117821.82539,-2039231440.12191,11815466046.8638,-0.402591288089752,1.05148431222073,2960256664.84257,921025224.720659,25.34,14.64,25.96,12.28,-0.604895234107971,2
201,11748409338.5417,200.799346249151,-0.818972706794739,-3600804619.69182,6623773859.034935,6847453341.926842,2.37743248203482,16.62553567460864,132826337876.32098,-0.754338085651398,7.02751064300537,772938959503.2274,14206836395.02024,10950835092.82574,1.6936399401363218,6.40847652975692,1.9397743388922064,39.73110359288835,48.53864287325408,64928428.6805821,-3537941897.11489,-339857954.515793,726256614.098992,-1.25935423374176,2.84211234895462,559208815.654739,219350861.138945,7.332,6.15,16.43,3.426,-0.608309328556061,3
202,813878767423.321,120.523715504927,2.00462627410889,124923907853.246,1173972428267.172,115882530100.77332,6.191857104271165,25.75721897983774,265216504391.4686,1.72705924510956,5.13583135604858,913795808228.6676,916028821934.0938,1041378476597.114,7.168451209620571,2.67572008805385,10.357622770787756,87.43581459407302,65.42335633091402,734282815.007194,121273052272.078,16824075177.2002,-7670043816.81089,0.892923951148987,0.523490508168757,292054552705.339,308878627882.539,2.93,7.027,4.009,4.21,1.49022936820984,1
203,207100908403.858,120.779210747308,2.17015552520752,-14803987779.0309,61840524517.58282,-9958975809.874098,5.1678473591699685,20.88879293881245,53381666430.89546,1.30689489841461,5.54056978225708,263223228179.3748,195622301361.28,76401217734.9271,3.9411464017477016,3.94112060778728,2.343154245638829,53.454677419513615,60.8078818124562,-60794239.3705596,-11327127057.8536,-6498764086.4008,-244013934.393621,1.3952362537384,0.415621677337565,13417263783.4157,6917804866.55352,2.93,6.75,4.93,3.776,1.59364664554596,1
204,11611573902.2831,177.047156631849,-1.25470376014709,-438478858.14,6634321141.86,-1903868745.1090767,10.3468976209071,15.39279433194312,2177446276.2905035,-0.884373903274536,4.08665704727173,16049720711.800858,12603019127.937077,9255800000.0,21.410324133295266,4.92841396948968,14.22785565043651,67.814617620675,33.737487248980344,86100000.0,-694976209.488424,-897400000.0,2183000000.0,-0.47199821472168,1.39120241997296,914000000.0,16600000.0,7.101,4.664,7.005,5.2,-1.2854220867157,3
205,363312013594.576,354.296242254442,-1.1032567024231,-3254163170.28253,52755939607.082825,-322411051.0355796,3.647186540724462,16.62553567460864,132826337876.32098,-1.02781987190247,3.0636899471283,772938959503.2274,434459984326.8821,77961263096.3369,-0.4677202561189659,16.9528457221608,3.348365024994095,36.71350130728776,41.42947793921756,10555507248.2543,-6349976316.73601,-8583080409.89572,21951160318.9714,-1.78729927539825,2.40636338101405,10483241775.1546,1900161365.25883,17.149,7.883,14.089,10.695,-0.637754738330841,3
206,11015539375.0803,118.464166666667,-0.374614268541336,-374849512.258476,9375388559.872482,-2216455230.1604514,5.506016461184899,15.830688919729466,2216036187.6935787,-0.121169298887253,3.30014991760254,16214811201.574884,12093290178.941072,12144772387.125069,0.4727131979964269,3.23074912132919,9.954410579451944,78.1453163847773,64.61441940707353,8399165.7400625,-297968480.501644,-615538786.494724,2394534314.99409,0.0624171979725361,-0.359578821721077,782436853.327067,166898066.832343,11.742,22.891,15.642,15.779,0.135947868227959,2
207,378328312982.983,126.06098995566,2.10870814323425,66253680666.851,251976902896.7899,74749592549.47614,3.908686776894172,22.44934065784121,113002793946.44936,1.79795169830322,5.04169225692749,428618393480.7916,453373690337.60187,177232142955.581,3.1893968904342103,3.48388055266678,5.656905883727276,84.94908129469685,71.11674125935889,-129607649.342741,67916543265.0386,11847505987.2969,-8490959704.80823,1.08847510814667,0.534772281874925,36901183650.55,48748689637.8469,2.606,10.28,3.496,4.369,1.73818778991699,1
208,56515483861.806,114.243138094728,0.0621689148247242,-4783481595.38783,48237010275.752846,9821991417.425228,3.092276687374465,22.140303724980768,19525971651.49545,-0.155156835913658,4.35383987426758,78370210143.04291,88929458257.47723,44855888742.03566,1.050760527680339,1.54663705583749,4.491818108594714,39.3646272975609,75.93523938659524,39713914.1742523,-5939994036.78991,-5975453975.74731,-8164603129.10486,0.431887984275818,-0.5059218392323,7640151291.00726,1664697315.25995,4.52,0.37,3.18,1.9,-1.1918785572052,3
209,326464029639.238,219.078900139702,-0.809737384319305,-12283106000.0,36246020000.0,-31112850067.102104,6.513885758527024,10.929567677614308,38091362850.26996,-0.438364118337631,1.6874612569809,379629503754.0165,326157293625.21576,81536126000.0,8.19771771055919,9.49621056124947,10.522723277096688,68.86351723508609,45.8281362081154,213000000.0,-12525000000.0,-4388000000.0,33007000000.0,-1.7136561870575,1.83406208240793,5022000000.0,634000000.0,16.149,5.148,9.665,6.338,-0.841158211231232,3
210,51479784105.6909,122.134886004963,-0.591235816478729,-2050666472.75,28470726184.07,-2376462800.0,15.835765045401985,11.419592075585143,7103294600.0,0.124233782291412,3.26910948753357,64579188000.0,65379314000.0,30703126402.99,29.59176829347882,1.6307033730189,11.352774096519354,49.26891925404352,54.62641868665625,4313800.0,-1056006207.35,-5146486010.87,181733746.17,0.307120054960251,1.3156150150044,6279110211.48,1132624200.61,7.483,9.8,12.935,10.293,0.54219651222229,2
211,18341899498.9312,170.839243117812,-0.77021861076355,4498872107.1384,11716443087.30705,520159449.9798244,-0.780328796906943,15.314317370177632,601417419.3748642,-0.886141121387482,1.8748300075531,3406998416.9848223,24975242767.27328,7519819186.755011,-7.896243109864869,4.48359014042398,7.279987118376297,74.26213263808866,62.177785996628565,5831100.0,6245644933.41311,-1124870531.81395,302248206.58635,-0.576708912849426,2.02856054038959,1216561846.6,91691314.78605,2.383,1.63,4.952,2.62,0.0302433706820011,3
212,35184118793.8752,153.370941306755,-1.02597737312317,-308060506.011564,14951754334.106298,492159930.1268628,4.01673731780312,12.013631687470964,4799553974.471266,-0.655436873435974,3.41070008277893,39458740008.62129,37134695801.78522,15793819530.73418,5.044353735603252,4.787983101236,6.887132209120466,24.247092099931912,28.06292355911775,217465688.54,-529019980.97931,-1346612597.72028,534004690.616262,-0.0009995908476412,1.27761600231743,1477641022.41278,131028424.6925,2.762,4.99,5.928,7.311,0.0041736969724297,2
213,170492332492.267,138.576404455789,-0.653225958347321,-5063835854.31734,67246981139.2922,6749294044.097827,13.417530290994703,13.866628885133771,31022116945.15783,-0.294465482234955,3.97350001335144,216968505012.42865,204618206575.65903,78108128163.1555,17.133181683823622,4.27166381536798,18.443063104110397,53.628237310868045,46.94825390417054,3499262.49836748,-11168656052.3621,-18067131850.8201,5797311169.54601,-0.355285465717316,1.22566025209601,19400314958.4163,1333183107.5963,6.62,3.342,6.372,5.097,0.175867527723312,2
214,361503537885.292,137.936373936063,-0.529578149318695,-5942749346.45914,99629891574.3075,-47213805297.93381,5.714733134832457,15.579194708550247,61395637111.889534,0.0356624871492386,3.88108062744141,441301153557.2781,587112763686.3466,135073897385.52097,8.529410724174397,3.92718022100332,8.882351741804143,71.52961150119664,48.80588519257503,79869692.9820897,-5088649769.17169,3322997983.99419,29501256464.7545,-0.984003067016602,1.49455716704944,8508965318.00797,11831963302.0022,4.579,2.857,6.275,3.398,-0.15458419919014,2
215,569915124774.172,123.925480416606,0.546425759792328,-8515000000.0,407760000000.0,22599400124.958683,6.934980383870652,18.745282753556985,127720259800.80943,0.254857361316681,4.9414005279541,658746736286.7424,592887210576.8475,415838000000.0,2.021002246899357,5.05502704719272,-2.152638136037765,87.04309252524358,76.59074333241308,5102000000.0,-2865000000.0,-30952000000.0,-437000000.0,0.4918013215065,-0.401728616642455,46018000000.0,15066000000.0,1.771,8.114,3.958,3.363,0.579481720924377,1
216,200174696009.594,112.010549789253,0.74234664440155,-2986907577.70558,115402230819.4806,-7212414278.829342,5.737437218543391,18.693849161944176,47769297434.75504,0.953686892986298,4.71190643310547,262747253684.72836,221255345714.7484,125250242095.7428,6.167429724163995,1.26565719069044,6.333515947975172,87.25382943028274,82.99901658254836,4370296590.62051,1939305107.72013,-3082766976.04611,6861103698.55698,0.937251269817352,0.626850165433157,12836859792.7128,9754004448.84559,5.289,6.649,7.927,6.577,1.24693858623505,2
217,129445374904.435,115.041180060887,0.77996701002121,26319230769.2308,115914835164.8356,44345054945.05495,1.6268467246828775,16.648944789930077,29923483040.618134,1.07645797729492,3.2336699962616,135386954609.79094,178800483899.43732,74332692307.69229,0.664995050853932,2.30446565742003,3.873067012608672,56.55721590868227,61.49559859010465,-144505494.505495,24518956043.956,-2762912087.91209,-15262912087.9121,0.833261430263519,-2.64853183197257,13128296703.2967,10365384615.3846,0.28,0.05,0.19,0.14,-1.17388951778412,1
218,233181340765.208,133.455469478653,-0.0609265565872192,-20626953524.4988,123648220611.86427,-16208663698.855188,5.708894557663214,17.88086147909098,51105333912.44196,-0.163205832242966,3.2530517578125,302018908200.7886,258327037890.673,145538466048.375,1.0115085831068171,5.05232876096582,-8.058569529357413,80.97854769239137,76.34482336361367,6109702739.82802,-17333960156.3864,-5713272761.92025,1263031148.20439,0.581680297851563,-0.746036478523061,13482487832.705,7768954306.97729,2.088,13.208,5.113,5.59,0.59418797492981,2
219,1323903854187.55,199.372063343799,-0.920365571975708,122113790000.0,631691340000.0,169582767061.80087,5.614290375783455,17.32939133005654,318322216082.4283,-0.210496202111244,3.70146751403809,1648765924053.3137,1648459597199.3486,504752510000.0,5.312838255500665,6.69445891957637,5.9780732837255215,55.16074313716205,51.62482541546039,124740000.0,122490020000.0,-43015990000.0,-4825030000.0,-0.707901835441589,0.0397933936830454,124806890000.0,81790910000.0,4.663,11.213,4.126,4.715,-1.101229429245,2
220,8997489877.93417,165.297890975286,0.573205888271332,-1209211265.58443,2130944925.821812,-1726787553.7817783,10.87577125069727,16.97938560332041,1876989126.7141995,0.22790738940239,5.59065008163452,12781303887.986624,10187084119.27356,4096563483.470607,13.399731664682449,-0.391346748300791,10.589616416446376,31.650280731544928,24.858117913679724,379977414.858414,-804575748.566723,-219647912.551705,756407292.064362,0.0719058215618134,2.3717515483557,240737657.917337,21089745.365632,17.769,15.221,23.306,15.793,-0.955476522445679,3
221,594398239743.762,126.231136275934,0.282737106084824,44323517249.4953,314172592633.323,73485768182.5648,4.326104675858431,23.804368953251327,208087347056.2784,0.465890735387802,5.13781023025513,800670347717.5631,821394902420.368,225477684599.8175,1.1269746576395503,3.06328988941547,8.166737154166654,51.65227470106252,57.88034272496249,-1317733333.33333,41577015305.7249,15209139850.9405,-44371390784.0109,-0.591131269931793,-0.129847471045763,12461843717.6085,27670983568.549,8.798,4.076,7.107,6.621,-1.60165119171143,1
222,23712074299.791,114.474038812672,0.0421113222837448,-3327280244.48756,7261317869.853853,-5498031285.645289,6.539673725974197,15.046031078631172,4148060880.4914174,0.0218494012951851,5.58935451507568,33067168015.54756,24888184950.27349,13422292517.10133,7.842787815690727,2.18032278088147,6.688700026575575,33.24740646139882,53.69705881451296,220550648.514979,-3095126883.46328,-662943524.229843,2833694402.75994,-0.179818049073219,2.64538054494311,1144716872.44733,481773348.217484,17.057,3.339,5.929,2.863,0.18804606795311,3
223,50790254320.7757,152.241431604489,-0.458568871021271,-2654390085.47098,34668277224.08099,-5044173854.253546,7.725947776740313,16.8402804240238,10626397064.667658,0.0126691851764917,3.29965996742249,68145245427.6283,52174871398.11602,42532459699.00041,9.019474180564076,4.08510285335102,5.211199610505318,68.32103676781821,63.67996306115036,-30148494.7816605,-2474333029.8004,-2423066827.20512,5209792389.44846,-0.085266187787056,-0.943688169512831,3056522065.52391,633455238.318791,8.458,10.034,10.715,10.061,-0.12786765396595,2
224,276441220735.455,116.829758470318,2.13980793952942,76374226203.0296,927283553945.592,149453026201.29916,8.882353996645321,10.779339480775224,45682528174.90061,2.25011277198792,2.83360004425049,268420069327.26355,401222047469.15295,847221600565.6959,13.483413560622438,2.30485959040484,13.299920573479596,53.52681053461578,55.65275401259604,-84127461.2874555,74674763363.8925,-69391035740.4262,-3687727176.86612,1.44232499599457,-4.17033630017526,215606470741.481,146215435001.055,4.527,5.49,4.57,4.64,-0.140219897031784,1
225,94707685029.4946,121.276123953656,0.211424857378006,-4654508060.03611,114094436523.1171,-94757605.4224791,4.7891464594186175,21.126795347668985,25051410797.23603,0.491847693920136,4.39646053314209,118671240148.00584,105814360957.49445,117588685875.516,9.684202389804229,3.14960629921268,11.112998833310186,90.60967176530704,87.27934503023843,1377935728.67241,-3453817151.13909,-3793714858.23616,-1160255118.1458,0.617806434631348,-0.212358807611049,8323592913.593,4529880377.68109,3.073,42.755,6.437,6.894,0.904963314533234,1
226,49526101070.4341,113.117909327683,0.693418622016907,2072569848.56246,54128497891.17145,3611098953.337151,8.228499885784984,20.748308051047267,12829135651.057934,1.13862144947052,5.6695818901062,58221101407.75101,54284832843.70455,51353119946.63826,9.123754586553147,1.9170650608926,10.725503023683672,82.94929326417912,76.26543909755593,193310627.759669,2122727476.46022,-890497092.382104,-702810445.34098,0.755461394786835,0.268851969969908,3356607473.83326,2466110381.45115,3.333,9.113,5.406,4.747,0.905274868011475,1
227,339552672450.42,171.60240433954,-0.034114234149456,15500460921.8416,142224793481.8253,25786894131.33909,4.70306206389499,19.35132337716453,81298356454.94745,-0.0710126981139183,6.56205987930298,395816634157.5664,378606657000.5443,124296327238.3661,6.1806586830496,4.61167217803206,6.690558024713212,47.45151597461122,51.456000069559416,15219058.4922101,17152130332.3311,-8085775265.46077,-2428005321.61781,-0.750981390476227,0.998920418563044,19428909016.7861,11343133751.3253,16.112,32.76,32.852,28.77,0.770391166210175,2
228,1191011399598.2,114.024422110457,0.71550315618515,10892992386.7245,569329703757.2874,13900746864.340862,6.403173614845414,21.23170442366378,306936486089.14233,0.909273445606232,4.58532047271729,1431750906740.287,1307936920120.134,544233710740.8379,3.7616095394189983,3.0931351197642,13.08287471965268,80.62533468364738,71.14401363625174,12659971423.2325,27764174206.8543,11126950629.4373,-14199446411.9047,0.509131908416748,0.105799194264084,64842063719.6969,75970219196.7533,9.214,20.973,16.063,14.781,1.00015807151794,1
229,80018415420.4858,176.681451206782,-0.356352984905243,-3284272217.68832,15089492255.271273,-6545692561.491174,3.512224555497781,9.458005313692334,8374879191.082101,-0.114498667418957,1.50754845142365,95093736651.9038,83629268435.02582,23601271351.99345,5.727217614079066,7.01478071238157,7.4001214921066065,71.61536024235248,38.81771415541743,25121615.6711219,-4210936985.48098,-1959282389.48918,5227506879.03381,-0.376803755760193,1.07544995696428,2075238146.48655,115955756.997373,7.652,3.656,8.427,5.365,-0.0740992426872253,3
230,1935667027.22924,632.494660552573,-0.418640315532684,176057908.068568,2306185209.150197,617392549.1100259,-2.435385836128376,13.324439256232804,582060940.1049093,-0.680655121803284,3.80620574951172,3733130522.612776,3011995634.5177665,2276307830.294321,-10.933129932527024,59.1196626251977,-19.73278179712345,89.62837918640035,60.77981703297722,36977861.3825517,335572281.818191,-393167105.393604,146180529.212695,0.348301738500595,0.970459647008266,399894077.820531,6726972.42692705,3.606,9.141,5.377,7.917,0.370178371667862,3
231,539858010828.979,113.461278849041,2.09889101982117,43475444176.5659,372163454000.8631,30369261806.341595,6.147024647080187,25.650672060698167,164091185504.6186,1.61247062683105,6.67996120452881,609345694263.1265,568163714143.0337,316919427839.4043,7.881877623825332,2.16319736447153,17.87331500655857,85.43951504688695,87.43094598314663,116309399.613067,49913248110.1188,24212773749.7628,-11768810562.8178,1.01436281204224,0.600591532839468,48585845820.7053,72798506615.2771,4.312,27.589,6.668,8.722,1.49325942993164,1
232,606111972184.517,99.3992842451935,1.95900893211365,72055377185.4177,747233748355.7461,100203417972.57928,5.391888041414731,11.94382258347838,97152102424.27838,1.99303758144379,5.04434299468994,713205369249.9193,790542845027.6536,662278713560.262,13.564096210870275,0.581814168489856,18.89692932048213,81.68261984465414,76.60448203134152,-21329443718.105,70611143704.6172,-12969530588.7668,-12899657610.0671,1.11522209644318,0.765501039496593,181186209764.577,168216679175.81,3.458,9.482,5.164,5.097,1.54160118103027,1
233,9055722664.39267,148.56753447088,-1.35408008098602,734734978.324859,4217810144.3055897,-2096994831.4815388,9.400000000227465,10.88425278725082,972813327.615098,-0.646949529647827,5.53748321533203,11272985316.809402,8080379525.769641,4493724398.351506,13.819263420493158,6.00458082322139,4.999984249769256,46.39427735106374,26.501692469453285,266632511.14,794792965.425054,1821073214.08813,1010649232.37077,-0.676817953586578,2.14442565988658,235410265.217456,2056483479.30559,6.63,6.42,7.32,6.9,-1.70155775547028,3
234,386826546804.11,113.689320040059,-0.478348255157471,-10268492567.6364,310748391600.52924,164586568.26622733,1.4920952354582084,18.25816527745449,92307452713.10307,0.221190869808197,2.98618507385254,501451929980.0016,587112763686.3466,328460322845.5557,3.6704908750247967,1.23039541318419,4.927640454060153,57.63729672942039,51.56150619821143,-19073956.6409868,-2136557997.67588,-17568752053.1155,7443438677.39012,-0.568726181983948,0.175345074912752,32345450195.9657,14776698142.8502,2.527,0.947,1.503,1.215,-0.789982855319977,2
235,7389560187.73252,120.045614301506,-0.69167947769165,-20737721.1240914,2005388033.553322,-747144417.3638362,5.991569146039424,13.138654435086885,1109311328.0669568,-0.686524271965027,4.23118162155151,9190256560.602297,7610111098.869202,2630262510.69712,5.694836263846753,4.18621506523573,11.120525428137256,11.124193057062527,44.01665890304969,372750162.518587,355702348.591954,42755157.0176026,604136756.019697,-0.695711433887482,2.36733896209991,241073026.29413,283828183.311732,14.564,1.339,4.038,2.056,-0.796347439289093,3
236,20708680377.9956,146.995044259351,-0.299970984458923,2695150532.01844,12044586638.27507,6847453341.926842,-1.0374468068052494,16.62553567460864,132826337876.32098,0.154986903071404,3.00878000259399,772938959503.2274,23242362235.507584,9464155919.550585,-0.7789789226129074,2.05922746915458,-0.0291205794698896,62.35808389314427,67.36123904061138,6677375.72370277,2568184900.10184,-325800094.412525,114719813.294026,0.239029332995415,0.493855744994371,828223387.407496,502423292.994971,2.353,5.095,4.112,4.446,0.664211511611938,2
237,600186412689.749,314.806147234679,-0.407550573348999,-7232000000.0,292818000000.0,3320029890.1474376,11.439384744642098,12.94541329951922,106134945586.68936,-0.118561923503876,2.84528303146362,816545228389.471,733135095263.4048,300998000000.0,12.9909508209403,19.5964926913324,18.644779145786305,64.03800922316934,54.70496135196819,-64000000.0,-5652000000.0,-10679000000.0,948000000.0,-1.1367609500885,0.910444902564511,17403000000.0,6724000000.0,12.448,10.974,13.497,11.969,-0.859696805477142,3
238,30031521812.2183,185.892180700766,-1.03053748607635,-4094991010.46537,6194695558.23066,-4112443497.3702,3.5365803407029404,9.931596126598986,4023313562.37077,-0.600183427333832,2.63593602180481,42994403001.57385,37608748536.6483,12017049216.73354,3.470761651452364,2.20457204757414,2.205173995615681,60.00257092287619,27.246482241725424,152463927.695719,-2718876316.67737,-1310259691.2886,1727362648.03746,-0.937743246555328,3.211427903809,1330882957.07164,20623265.7830309,10.01,1.549,5.54,3.422,-0.82360178232193,3
239,163914375539.316,316.447595987548,-0.786468088626862,-3882000000.0,95500000000.0,-2639467167.804196,3.445625582711102,17.742171907532203,35442802217.63471,-0.438858985900879,5.74071836471558,202405326738.73956,171688541774.7418,104004000000.0,2.276583290378383,9.36313917695223,1.9793224482548908,45.11282494516481,55.56059641965238,15000000.0,-2041000000.0,-5833000000.0,4622000000.0,-1.12695300579071,-0.702971857967563,19829000000.0,13996000000.0,9.026,11.734,10.143,9.834,0.0710949152708054,3
240,318727473453.759,112.127688110545,1.15014326572418,6225268900.867755,258760662354.32935,88351313900.61267,4.354755299213053,14.450109661938669,50499233955.07148,1.36593055725098,3.89549994468689,270517451272.9748,587112763686.3466,252109332967.89523,2.6269611581587924,-0.0138599444012243,11.230495884263108,36.15124606652356,45.0457833471549,417264845.36171037,4991105834.860533,-649808488.401941,-391902682.6399704,0.597461223602295,0.834812788038646,42239209377.78511,41623537315.18278,4.214,0.249,5.471,3.105,-1.19166457653046,1
241,2397401605824.53,123.848714629185,1.64092922210693,-14885573468.605,1222900876200.902,-4838632402.375135,8.674904114425729,22.27225940959135,699684400570.4006,1.24177372455597,5.32736825942993,3146344789021.078,2814928728103.308,1210581820224.737,-0.2977854098843977,2.51837109614213,1.5683253219522726,82.62341611805083,70.48415575289846,-3070895252.86608,-23180473899.4429,17038414431.6131,-27204629444.7694,0.4898921251297,-0.0819372405302065,276677454395.965,293715868827.578,2.48,6.518,4.002,3.737,1.26468479633331,1
242,19593000990250.4,124.266413825838,1.01972794532776,-831453000000.0,3644249000000.0,-858239000000.0,5.945484761221721,14.438170142012153,3366271000000.0,1.29951977729797,5.43544006347656,24452269000000.0,22485863476000.0,4335901000000.0,3.2544306597726944,4.69785886363742,6.789701452132874,60.39028228481818,50.23157142053771,-2511000000.0,-788828000000.0,149928000000.0,-139801000000.0,-0.0148778762668371,0.156747054750178,927297000000.0,1077225000000.0,3.576,8.056,7.076,5.349,0.878146708011627,1
243,49994553832.2173,239.976021238332,1.5862535238266,-1555184131.84813,20627379922.77593,4021132727.331173,5.27655886746021,13.835809997370385,7980540587.755856,0.799935340881348,4.41334009170532,57391135523.91099,54342259523.98447,22260401559.26875,6.760364470965413,7.74791402314762,7.57991136115821,23.12122061835389,29.00468729103754,-29980705.656713,-183289970.825511,-6034999557.45272,77837504.6446239,1.04582393169403,-0.0824466091158564,7135116203.47685,1100116646.02413,3.006,10.407,6.223,9.301,1.28700017929077,2
244,49922061225.8116,355.018882210761,-0.829331040382385,-4893938424.3521,18997216313.427,-11480513578.359774,7.403368136390824,16.585700531458116,11543749569.855171,-0.26617369055748,5.36828899383545,81253715383.71753,64700008897.93269,30130112661.506542,8.362793300791367,10.849239750812,8.302128300093798,5.0170826569210965,29.963114038250648,32231713.2311207,-6385019572.86312,359810313.638465,6238957923.7275,-0.252974152565002,1.97570606573325,2194221950.47734,2554032264.1158,1.509,9.284049586776858,6.222,5.293,-1.39761197566986,2
245,354707430098.717,2740.27398467096,-1.62249159812927,-3870000000.0,29291000000.0,-70922056745.48868,-3.894386474506618,14.603353775764033,70440637790.01305,-1.87447190284729,6.87468004226685,553281375513.1918,429744677604.1501,33335000000.0,-5.84251265566364,254.948534781816,-7.224502916394186,33.36900541653871,25.254768388095737,-3980000000.0,-6664000000.0,-6918000000.0,174000000.0,-1.45388782024384,-1.02517870784193,7525000000.0,607000000.0,5.76,3.943,5.744,7.53,-1.61752390861511,3
246,296054908425.414,171.880422664063,-0.307860314846039,-4628000000.0,341108000000.0,277738790.2572182,2.561564106709852,9.611416439549831,35191006509.98067,0.243394657969475,2.94788694381714,360693476566.7815,334080326097.904,356058000000.0,3.577998340264571,1.83471554810444,6.053330402170815,67.87019664174827,47.09721518609279,417264845.36171037,-16605000000.0,-16749000000.0,10322000000.0,-0.118189707398415,0.84418167703331,17731000000.0,982000000.0,3.414,2.016,2.824,2.385,-1.30968391895294,2
247,11969103804.6004,299.818966181342,-0.759727835655212,2629551251.44439,11740148622.69819,4026777847.896297,6.234922041900589,11.531031546210054,2547944807.2174487,-0.841101825237274,3.10643219947815,17432935865.73251,21161677947.590546,9412059412.50259,7.135646782781691,22.0207676245778,13.09797494417566,59.550774762235335,31.775062833733976,77113821.260543,2901756513.19309,-1708666304.6201,301462041.248826,0.0523477457463741,2.84080597789489,1721293394.74539,12627090.1252894,7.455,4.291,9.502,5.195,-0.369447886943817,3
